Country Code,country_name,season,avg_medal_rank,avg_gdp_rank,total_medals,editions,window_start,window_end,window_efficiency,window_label
ARG,Argentina,Summer,0.5,0.8133333333333334,2,1,1960,1960,0.6147540983606558,1960-1960
AUS,Australia,Summer,0.9117647058823529,0.9533333333333333,22,1,1960,1960,0.9563965446318388,1960-1960
AUT,Austria,Summer,0.5,0.8466666666666667,2,1,1960,1960,0.5905511811023622,1960-1960
BEL,Belgium,Summer,0.6470588235294117,0.88,4,1,1960,1960,0.7352941176470588,1960-1960
BRA,Brazil,Summer,0.5,0.52,2,1,1960,1960,0.9615384615384615,1960-1960
CAN,Canada,Summer,0.3529411764705882,0.98,1,1,1960,1960,0.3601440576230492,1960-1960
CHE,Switzerland,Summer,0.7941176470588236,0.96,6,1,1960,1960,0.8272058823529412,1960-1960
DEU,Unified Team of Germany,Summer,0.9705882352941176,0.86,42,1,1960,1960,1.1285909712722297,1960-1960
DNK,Denmark,Summer,0.7941176470588236,0.9066666666666666,6,1,1960,1960,0.8758650519031143,1960-1960
EGY,"United Arab Republic (Egypt, Syria)",Summer,0.5,0.3866666666666667,2,1,1960,1960,1.2931034482758619,1960-1960
ESP,Spain,Summer,0.3529411764705882,0.6933333333333334,1,1,1960,1960,0.5090497737556561,1960-1960
ETH,Ethiopia,Summer,0.3529411764705882,0.07333333333333336,1,1,1960,1960,4.812834224598928,1960-1960
FIN,Finland,Summer,0.7058823529411764,0.8666666666666668,5,1,1960,1960,0.8144796380090495,1960-1960
FRA,France,Summer,0.7058823529411764,0.8866666666666667,5,1,1960,1960,0.7961079168509508,1960-1960
GBR,Great Britain,Summer,0.8823529411764706,0.9133333333333333,20,1,1960,1960,0.9660798626019751,1960-1960
GHA,Ghana,Summer,0.3529411764705882,0.44666666666666666,1,1,1960,1960,0.7901668129938542,1960-1960
GRC,Greece,Summer,0.3529411764705882,0.76,1,1,1960,1960,0.46439628482972134,1960-1960
IND,India,Summer,0.3529411764705882,0.09999999999999998,1,1,1960,1960,3.5294117647058827,1960-1960
IRN,Iran,Summer,0.6470588235294117,0.4733333333333334,4,1,1960,1960,1.3670256835128414,1960-1960
IRQ,Iraq,Summer,0.3529411764705882,0.4866666666666667,1,1,1960,1960,0.72522159548751,1960-1960
ITA,Italy,Summer,0.9411764705882353,0.8266666666666667,36,1,1960,1960,1.1385199240986716,1960-1960
JPN,Japan,Summer,0.8529411764705882,0.7533333333333333,18,1,1960,1960,1.1322228006246746,1960-1960
MAR,Morocco,Summer,0.3529411764705882,0.43999999999999995,1,1,1960,1960,0.8021390374331551,1960-1960
MEX,Mexico,Summer,0.3529411764705882,0.6533333333333333,1,1,1960,1960,0.5402160864345738,1960-1960
NLD,Netherlands,Summer,0.5882352941176471,0.8533333333333332,3,1,1960,1960,0.6893382352941178,1960-1960
NOR,Norway,Summer,0.3529411764705882,0.92,1,1,1960,1960,0.38363171355498715,1960-1960
NZL,New Zealand,Summer,0.5882352941176471,0.9866666666666667,3,1,1960,1960,0.5961844197138315,1960-1960
PAK,Pakistan,Summer,0.5,0.07999999999999996,2,1,1960,1960,6.2500000000000036,1960-1960
PRT,Portugal,Summer,0.3529411764705882,0.6733333333333333,1,1,1960,1960,0.52417006406523,1960-1960
SGP,"Singapore, British",Summer,0.3529411764705882,0.7133333333333334,1,1,1960,1960,0.4947773501924133,1960-1960
SWE,Sweden,Summer,0.7941176470588236,0.9666666666666667,6,1,1960,1960,0.8215010141987831,1960-1960
TUR,Turkey,Summer,0.8235294117647058,0.5666666666666667,9,1,1960,1960,1.453287197231834,1960-1960
USA,United States,Summer,1.0,1.0,71,1,1960,1960,1.0,1960-1960
VEN,Venezuela,Summer,0.3529411764705882,0.84,1,1,1960,1960,0.4201680672268907,1960-1960
ZAF,South Africa,Summer,0.5882352941176471,0.7733333333333333,3,1,1960,1960,0.7606490872210954,1960-1960
ARG,Argentina,Summer,0.4375,0.8195698924731183,3,2,1960,1964,0.5338165835738651,1960-1964
AUS,Australia,Summer,0.8933823529411764,0.9476344086021504,40,2,1960,1964,0.9427500150179214,1960-1964
AUT,Austria,Summer,0.5,0.8466666666666667,2,1,1960,1964,0.5905511811023622,1960-1964
BEL,Belgium,Summer,0.5891544117647058,0.8819354838709678,7,2,1960,1964,0.6680243878824389,1960-1964
BHS,Bahamas,Summer,0.375,0.9096774193548387,1,1,1960,1964,0.4122340425531915,1960-1964
BRA,Brazil,Summer,0.4375,0.5245161290322581,3,2,1960,1964,0.8341020910209102,1960-1964
CAN,Canada,Summer,0.4733455882352941,0.9674193548387097,5,2,1960,1964,0.4892868701331816,1960-1964
CHE,Switzerland,Summer,0.6939338235294118,0.9606451612903226,10,2,1960,1964,0.7223622743254454,1960-1964
DEU,Unified Team of Germany,Summer,0.9696691176470589,0.8622580645161291,92,2,1960,1964,1.1245694967100195,1960-1964
DNK,Denmark,Summer,0.7564338235294118,0.9210752688172044,12,2,1960,1964,0.8212508240513109,1960-1964
EGY,"United Arab Republic (Egypt, Syria)",Summer,0.5,0.3866666666666667,2,1,1960,1964,1.2931034482758619,1960-1964
ESP,Spain,Summer,0.3529411764705882,0.6933333333333334,1,1,1960,1964,0.5090497737556561,1960-1964
ETH,Ethiopia,Summer,0.3639705882352941,0.06892473118279574,2,2,1960,1964,5.2806965219785225,1960-1964
FIN,Finland,Summer,0.6810661764705882,0.8784946236559141,10,2,1960,1964,0.7752650478796168,1960-1964
FRA,France,Summer,0.7591911764705882,0.9013978494623656,20,2,1960,1964,0.842237616745374,1960-1964
GBR,Great Britain,Summer,0.8786764705882353,0.9050537634408602,38,2,1960,1964,0.9708555514400129,1960-1964
GHA,Ghana,Summer,0.3639705882352941,0.45881720430107525,2,2,1960,1964,0.7932801665311074,1960-1964
GRC,Greece,Summer,0.3529411764705882,0.76,1,1,1960,1964,0.46439628482972134,1960-1964
IND,India,Summer,0.3639705882352941,0.12741935483870964,2,2,1960,1964,2.8564780342516762,1960-1964
IRL,Ireland,Summer,0.375,0.8064516129032258,1,1,1960,1964,0.465,1960-1964
IRN,Iran,Summer,0.5422794117647058,0.4689247311827957,6,2,1960,1964,1.1564316737931126,1960-1964
IRQ,Iraq,Summer,0.3529411764705882,0.4866666666666667,1,1,1960,1964,0.72522159548751,1960-1964
ITA,Italy,Summer,0.9237132352941176,0.8294623655913979,63,2,1960,1964,1.1136288680626516,1960-1964
JPN,Japan,Summer,0.8952205882352942,0.7766666666666666,47,2,1960,1964,1.1526445342085334,1960-1964
KEN,Kenya,Summer,0.375,0.12903225806451613,1,1,1960,1964,2.90625,1960-1964
KOR,Korea Republic,Summer,0.53125,0.19354838709677424,3,1,1960,1964,2.744791666666666,1960-1964
MAR,Morocco,Summer,0.3529411764705882,0.43999999999999995,1,1,1960,1964,0.8021390374331551,1960-1964
MEX,Mexico,Summer,0.3639705882352941,0.6686021505376344,2,2,1960,1964,0.5443754375342932,1960-1964
NGA,Nigeria,Summer,0.375,0.13548387096774195,1,1,1960,1964,2.767857142857143,1960-1964
NLD,Netherlands,Summer,0.6847426470588236,0.8621505376344085,13,2,1960,1964,0.7942263179904041,1960-1964
NOR,Norway,Summer,0.3529411764705882,0.92,1,1,1960,1964,0.38363171355498715,1960-1964
NZL,New Zealand,Summer,0.6222426470588236,0.9804301075268818,8,2,1960,1964,0.6346629324026167,1960-1964
PAK,Pakistan,Summer,0.4375,0.09483870967741931,3,2,1960,1964,4.61309523809524,1960-1964
PHL,Philippines,Summer,0.375,0.41290322580645167,1,1,1960,1964,0.9082031249999999,1960-1964
PRT,Portugal,Summer,0.3529411764705882,0.6733333333333333,1,1,1960,1964,0.52417006406523,1960-1964
SGP,"Singapore, British",Summer,0.3529411764705882,0.7133333333333334,1,1,1960,1964,0.4947773501924133,1960-1964
SWE,Sweden,Summer,0.7720588235294118,0.9736559139784946,14,2,1960,1964,0.7929483223438465,1960-1964
TTO,Trinidad and Tobago,Summer,0.53125,0.7741935483870966,3,1,1960,1964,0.6861979166666667,1960-1964
TUN,Tunisia,Summer,0.4375,0.4774193548387097,2,1,1960,1964,0.9163851351351351,1960-1964
TUR,Turkey,Summer,0.7711397058823529,0.593010752688172,15,2,1960,1964,1.3003806463655272,1960-1964
URY,Uruguay,Summer,0.375,0.7548387096774194,1,1,1960,1964,0.49679487179487175,1960-1964
USA,United States,Summer,1.0,0.9967741935483871,161,2,1960,1964,1.0032362459546924,1960-1964
VEN,Venezuela,Summer,0.3529411764705882,0.84,1,1,1960,1964,0.4201680672268907,1960-1964
ZAF,South Africa,Summer,0.5882352941176471,0.7733333333333333,3,1,1960,1964,0.7606490872210954,1960-1964
ARG,Argentina,Summer,0.422979797979798,0.8058609662395639,5,3,1960,1968,0.524879372124913,1960-1968
AUS,Australia,Summer,0.8885175282234106,0.9471255338784795,57,3,1960,1968,0.938120129213422,1960-1968
AUT,Austria,Summer,0.5227272727272727,0.8335129740518963,6,2,1960,1968,0.6271375359476128,1960-1968
BEL,Belgium,Summer,0.5240827391562686,0.8873581868521022,9,3,1960,1968,0.5906101357056827,1960-1968
BHS,Bahamas,Summer,0.375,0.9096774193548387,1,1,1960,1968,0.4122340425531915,1960-1968
BRA,Brazil,Summer,0.4431818181818182,0.5452862017899684,6,3,1960,1968,0.8127508393335826,1960-1968
CAN,Canada,Summer,0.5276849376114082,0.9702955379563454,10,3,1960,1968,0.5438393942559275,1960-1968
CHE,Switzerland,Summer,0.67474376114082,0.9637834009400553,15,3,1960,1968,0.7000989646456748,1960-1968
CMR,Cameroon,Summer,0.1515151515151515,0.26347305389221554,1,1,1960,1968,0.5750688705234159,1960-1968
DEU,Federal Republic of Germany,Summer,0.9696969696969697,0.874251497005988,51,1,1960,1968,1.1091739310917392,1960-1968
DEU,Unified Team of Germany,Summer,0.9696691176470589,0.8622580645161291,92,2,1960,1968,1.1245694967100195,1960-1968
DNK,Denmark,Summer,0.7366124480095069,0.9314154486725474,20,3,1960,1968,0.7908527274905375,1960-1968
EGY,"United Arab Republic (Egypt, Syria)",Summer,0.5,0.3866666666666667,2,1,1960,1968,1.2931034482758619,1960-1968
ESP,Spain,Summer,0.3529411764705882,0.6933333333333334,1,1,1960,1968,0.5090497737556561,1960-1968
ETH,Ethiopia,Summer,0.3739601901366607,0.07788594853304147,4,3,1960,1968,4.801381984556765,1960-1968
FIN,Finland,Summer,0.6358622994652406,0.8690962161698109,14,3,1960,1968,0.7316362534260543,1960-1968
FRA,France,Summer,0.7788547237076648,0.9103131371665271,35,3,1960,1968,0.8555898974851178,1960-1968
GBR,Great Britain,Summer,0.8484105763517528,0.890794325327839,51,3,1960,1968,0.9524202750612631,1960-1968
GHA,Ghana,Summer,0.3639705882352941,0.45881720430107525,2,2,1960,1968,0.7932801665311074,1960-1968
GRC,Greece,Summer,0.25222816399286985,0.7662275449101796,2,2,1960,1968,0.32918180202257946,1960-1968
HUN,Hungary,Summer,0.9393939393939394,0.6347305389221557,32,1,1960,1968,1.4799885648942253,1960-1968
IND,India,Summer,0.2931521093285799,0.11887837228768268,3,3,1960,1968,2.4659835400434247,1960-1968
IRL,Ireland,Summer,0.375,0.8064516129032258,1,1,1960,1968,0.465,1960-1968
IRN,Iran,Summer,0.5736408199643493,0.49225720601807144,11,3,1960,1968,1.1653274202009147,1960-1968
IRQ,Iraq,Summer,0.3529411764705882,0.4866666666666667,1,1,1960,1968,0.72522159548751,1960-1968
ITA,Italy,Summer,0.8986371063576946,0.8284240121906724,79,3,1960,1968,1.0847550205375527,1960-1968
JAM,Jamaica,Summer,0.1515151515151515,0.6826347305389222,1,1,1960,1968,0.22195640616693244,1960-1968
JPN,Japan,Summer,0.899844028520499,0.7892348636061212,72,3,1960,1968,1.140147337649264,1960-1968
KEN,Kenya,Summer,0.5662878787878788,0.14834846436159937,10,2,1960,1968,3.817281703756313,1960-1968
KOR,Korea Republic,Summer,0.46259469696969696,0.2614448522310219,5,2,1960,1968,1.7693777216195943,1960-1968
MAR,Morocco,Summer,0.3529411764705882,0.43999999999999995,1,1,1960,1968,0.8021390374331551,1960-1968
MEX,Mexico,Summer,0.49517231134878187,0.6752756851887622,11,3,1960,1968,0.7332891176295865,1960-1968
NGA,Nigeria,Summer,0.375,0.13548387096774195,1,1,1960,1968,2.767857142857143,1960-1968
NLD,Netherlands,Summer,0.6787173202614379,0.8781602386624598,20,3,1960,1968,0.7728855058334266,1960-1968
NOR,Norway,Summer,0.37344028520499106,0.930059880239521,3,2,1960,1968,0.4015228407753895,1960-1968
NZL,New Zealand,Summer,0.5663435828877006,0.9350571974330908,11,3,1960,1968,0.6056780103317969,1960-1968
PAK,Pakistan,Summer,0.3421717171717171,0.1251020539566029,4,3,1960,1968,2.735140681946072,1960-1968
PHL,Philippines,Summer,0.375,0.41290322580645167,1,1,1960,1968,0.9082031249999999,1960-1968
PRT,Portugal,Summer,0.3529411764705882,0.6733333333333333,1,1,1960,1968,0.52417006406523,1960-1968
SGP,"Singapore, British",Summer,0.3529411764705882,0.7133333333333334,1,1,1960,1968,0.4947773501924133,1960-1968
SWE,Sweden,Summer,0.6965240641711231,0.9784452600175992,18,3,1960,1968,0.7118681980825322,1960-1968
TTO,Trinidad and Tobago,Summer,0.53125,0.7741935483870966,3,1,1960,1968,0.6861979166666667,1960-1968
TUN,Tunisia,Summer,0.41571969696969696,0.4542785396948039,4,2,1960,1968,0.9151207038064977,1960-1968
TUR,Turkey,Summer,0.6454062685680332,0.6109093640675638,17,3,1960,1968,1.056468121998952,1960-1968
UGA,Uganda,Summer,0.3939393939393939,0.11976047904191611,2,1,1960,1968,3.289393939393941,1960-1968
URY,Uruguay,Summer,0.375,0.7548387096774194,1,1,1960,1968,0.49679487179487175,1960-1968
USA,United States,Summer,1.0,0.9978494623655915,268,3,1960,1968,1.002155172413793,1960-1968
VEN,Venezuela,Summer,0.25222816399286985,0.7972455089820358,2,2,1960,1968,0.3163745184528261,1960-1968
ZAF,South Africa,Summer,0.5882352941176471,0.7733333333333333,3,1,1960,1968,0.7606490872210954,1960-1968
ARG,Argentina,Summer,0.3644212394212394,0.7838726621459967,4,3,1963,1972,0.4648985186236355,1963-1972
AUS,Australia,Summer,0.8638752388752389,0.9346109139954386,52,3,1963,1972,0.9243153765262525,1963-1972
AUT,Austria,Summer,0.57002457002457,0.8207059565080366,7,2,1963,1972,0.6945539574854884,1963-1972
BEL,Belgium,Summer,0.46154961779961773,0.8975336254485935,7,3,1963,1972,0.5142421461579582,1963-1972
BHS,Bahamas,Summer,0.375,0.9096774193548387,1,1,1963,1972,0.4122340425531915,1963-1972
BRA,Brazil,Summer,0.4296683046683047,0.5719528684566351,6,3,1963,1972,0.751230264528137,1963-1972
CAN,Canada,Summer,0.635263104013104,0.9646815028686261,14,3,1963,1972,0.6585210788473225,1963-1972
CHE,Switzerland,Summer,0.608236076986077,0.9700991904137396,12,3,1963,1972,0.6269833878808507,1963-1972
CMR,Cameroon,Summer,0.1515151515151515,0.26347305389221554,1,1,1963,1972,0.5750688705234159,1963-1972
COL,Colombia,Summer,0.5945945945945945,0.46315789473684205,3,1,1963,1972,1.2837837837837838,1963-1972
CUB,Cuba,Summer,0.7297297297297297,0.6736842105263158,8,1,1963,1972,1.0831925675675675,1963-1972
DEU,Federal Republic of Germany,Summer,0.9848484848484849,0.8897573274503625,157,2,1963,1972,1.1068731377246537,1963-1972
DEU,Unified Team of Germany,Summer,0.96875,0.864516129032258,50,1,1963,1972,1.1205690298507462,1963-1972
DNK,Denmark,Summer,0.5800146737646737,0.9449827001345357,15,3,1963,1972,0.6137833779201439,1963-1972
ESP,Spain,Summer,0.32432432432432434,0.7526315789473684,1,1,1963,1972,0.4309204309204309,1963-1972
ETH,Ethiopia,Summer,0.4094662844662844,0.07624852163245666,5,3,1963,1972,5.370153751177612,1963-1972
FIN,Finland,Summer,0.6438114250614251,0.8679266255265361,17,3,1963,1972,0.7417809364597504,1963-1972
FRA,France,Summer,0.8048218673218672,0.9147575816109716,43,3,1963,1972,0.879819838065187,1963-1972
GBR,Great Britain,Summer,0.8515902265902265,0.8670516352693594,49,3,1963,1972,0.9821678340133346,1963-1972
GHA,Ghana,Summer,0.34966216216216217,0.3565365025466893,2,2,1963,1972,0.9807191119691121,1963-1972
GRC,Greece,Summer,0.30548730548730546,0.7678064922786008,3,2,1963,1972,0.39787017765468247,1963-1972
HUN,Hungary,Summer,0.9426699426699428,0.6331547431452884,67,2,1963,1972,1.4888460567903077,1963-1972
IND,India,Summer,0.2836131586131586,0.11361521439294586,3,3,1963,1972,2.4962603831583983,1963-1972
IRL,Ireland,Summer,0.375,0.8064516129032258,1,1,1963,1972,0.465,1963-1972
IRN,Iran,Summer,0.5561527436527437,0.530970656310469,10,3,1963,1972,1.047426514145351,1963-1972
ITA,Italy,Summer,0.8822089134589134,0.8212895092666957,61,3,1963,1972,1.0741753102954046,1963-1972
JAM,Jamaica,Summer,0.23791973791973792,0.6834226284273559,2,2,1963,1972,0.348129734110827,1963-1972
JPN,Japan,Summer,0.9218366093366094,0.8205798928458871,83,3,1963,1972,1.1233965362465193,1963-1972
KEN,Kenya,Summer,0.6297775047775048,0.1515305551884347,19,3,1963,1972,4.156109003853049,1963-1972
KOR,Korea Republic,Summer,0.4165045727545727,0.3093842874522602,6,3,1963,1972,1.3462369927847153,1963-1972
MEX,Mexico,Summer,0.48563336063336066,0.6767961530250196,11,3,1963,1972,0.7175474601366534,1963-1972
NER,Niger,Summer,0.32432432432432434,0.12631578947368416,1,1,1963,1972,2.567567567567569,1963-1972
NGA,Nigeria,Summer,0.34966216216216217,0.17037351443123938,2,2,1963,1972,2.052326990667798,1963-1972
NLD,Netherlands,Summer,0.7078641141141141,0.9007333380776646,22,3,1963,1972,0.7858753353404572,1963-1972
NOR,Norway,Summer,0.5077805077805078,0.9384809328710999,6,2,1963,1972,0.5410664084853083,1963-1972
NZL,New Zealand,Summer,0.5684633497133497,0.8991507646845528,11,3,1963,1972,0.6322225059918427,1963-1972
PAK,Pakistan,Summer,0.2836131586131586,0.13703187851800644,3,3,1963,1972,2.0696874455814376,1963-1972
PHL,Philippines,Summer,0.375,0.41290322580645167,1,1,1963,1972,0.9082031249999999,1963-1972
SWE,Sweden,Summer,0.7020884520884522,0.9860475991988857,28,3,1963,1972,0.712022880699536,1963-1972
TTO,Trinidad and Tobago,Summer,0.53125,0.7741935483870966,3,1,1963,1972,0.6861979166666667,1963-1972
TUN,Tunisia,Summer,0.3852545727545727,0.46250148260355345,5,3,1963,1972,0.8329801897841803,1963-1972
TUR,Turkey,Summer,0.4790045727545727,0.6150029313190258,9,3,1963,1972,0.7788655116280974,1963-1972
UGA,Uganda,Summer,0.4266994266994267,0.1151433974156949,4,2,1963,1972,3.7058088980902726,1963-1972
URY,Uruguay,Summer,0.375,0.7548387096774194,1,1,1963,1972,0.49679487179487175,1963-1972
USA,United States,Summer,0.990990990990991,0.9960950764006791,291,3,1963,1972,0.9948759053923534,1963-1972
VEN,Venezuela,Summer,0.1515151515151515,0.7544910179640718,1,1,1963,1972,0.2008177008177008,1963-1972
ARG,Argentina,Summer,0.35913185913185913,0.7629057674125433,3,2,1967,1976,0.4707420948590858,1967-1976
AUS,Australia,Summer,0.7765096474773894,0.9230379176535696,39,3,1967,1976,0.8412543327053499,1967-1976
AUT,Austria,Summer,0.44453250904863806,0.8340788850947048,8,3,1967,1976,0.5329621897791645,1967-1976
BEL,Belgium,Summer,0.5210254242512308,0.9018790416995635,10,3,1967,1976,0.5777109791456894,1967-1976
BMU,Bermuda,Summer,0.19354838709677424,0.9020618556701031,1,1,1967,1976,0.21456221198156689,1967-1976
BRA,Brazil,Summer,0.44445325090486376,0.608667201679116,7,3,1967,1976,0.7302073278776332,1967-1976
CAN,Canada,Summer,0.6954109534754696,0.9608349226668746,21,3,1967,1976,0.7237569504086098,1967-1976
CHE,Switzerland,Summer,0.5823624210720985,0.9709749248112565,12,3,1967,1976,0.5997708140457915,1967-1976
CMR,Cameroon,Summer,0.1515151515151515,0.26347305389221554,1,1,1967,1976,0.5750688705234159,1967-1976
COL,Colombia,Summer,0.5945945945945945,0.46315789473684205,3,1,1967,1976,1.2837837837837838,1967-1976
CUB,Cuba,Summer,0.8003487358326068,0.661584373304395,21,2,1967,1976,1.2097455262359504,1967-1976
DEU,Federal Republic of Germany,Summer,0.98989898989899,0.8852677715648465,286,3,1967,1976,1.1181916045008526,1967-1976
DNK,Denmark,Summer,0.4909689748399426,0.9458695197775908,12,3,1967,1976,0.5190662819491083,1967-1976
ESP,Spain,Summer,0.37183958151700086,0.7629137276180141,3,2,1967,1976,0.4873940106936685,1967-1976
ETH,Ethiopia,Summer,0.4266994266994267,0.08211471793255593,4,2,1967,1976,5.196381811235007,1967-1976
FIN,Finland,Summer,0.6616205648463712,0.8649668649678398,18,3,1967,1976,0.7649085666084686,1967-1976
FRA,France,Summer,0.7813003619455232,0.9049138835730601,37,3,1967,1976,0.8633974747525721,1967-1976
GBR,Great Britain,Summer,0.8502461405687213,0.831013502024708,44,3,1967,1976,1.023143593331702,1967-1976
GHA,Ghana,Summer,0.32432432432432434,0.2421052631578947,1,1,1967,1976,1.3396004700352528,1967-1976
GRC,Greece,Summer,0.30548730548730546,0.7678064922786008,3,2,1967,1976,0.39787017765468247,1967-1976
HUN,Hungary,Summer,0.9295218972638327,0.6214158768734912,89,3,1967,1976,1.4958129199088137,1967-1976
IND,India,Summer,0.23791973791973792,0.09300346675070914,2,2,1967,1976,2.5581813907805087,1967-1976
IRN,Iran,Summer,0.5501043565559695,0.6149635617533247,10,3,1967,1976,0.8945316288132017,1967-1976
ITA,Italy,Summer,0.8704481607707414,0.8050385393077112,47,3,1967,1976,1.081250298301593,1967-1976
JAM,Jamaica,Summer,0.29839810484971774,0.6738281440374813,4,3,1967,1976,0.4428400735264028,1967-1976
JPN,Japan,Summer,0.9211645663258566,0.8357001677599766,79,3,1967,1976,1.1022668199229397,1967-1976
KEN,Kenya,Summer,0.7571662571662572,0.16277970375039397,18,2,1967,1976,4.651478284585738,1967-1976
KOR,Korea Republic,Summer,0.4759803792061857,0.420125890378765,9,3,1967,1976,1.1329470287514654,1967-1976
MEX,Mexico,Summer,0.5004183068699198,0.6722068613722095,12,3,1967,1976,0.744440938684248,1967-1976
NER,Niger,Summer,0.32432432432432434,0.12631578947368416,1,1,1967,1976,2.567567567567569,1967-1976
NGA,Nigeria,Summer,0.32432432432432434,0.20526315789473681,1,1,1967,1976,1.5800415800415804,1967-1976
NLD,Netherlands,Summer,0.6517485227162646,0.9179708948895481,17,3,1967,1976,0.7099882211349241,1967-1976
NOR,Norway,Summer,0.47830528475689765,0.9418051579965407,8,3,1967,1976,0.5078601244596862,1967-1976
NZL,New Zealand,Summer,0.5217563604660379,0.8390243928854174,10,3,1967,1976,0.6218607765046139,1967-1976
PAK,Pakistan,Summer,0.2231292876454167,0.12968236072618736,3,3,1967,1976,1.7205831725760616,1967-1976
PRI,Puerto Rico,Summer,0.19354838709677424,0.7525773195876289,1,1,1967,1976,0.25718073353954934,1967-1976
PRT,Portugal,Summer,0.4193548387096774,0.7216494845360825,2,1,1967,1976,0.5811059907834101,1967-1976
SWE,Sweden,Summer,0.6563895273572693,0.9787535076347575,25,3,1967,1976,0.6706382375512414,1967-1976
THA,Thailand,Summer,0.19354838709677424,0.2628865979381443,1,1,1967,1976,0.7362428842504747,1967-1976
TTO,Trinidad and Tobago,Summer,0.19354838709677424,0.731958762886598,1,1,1967,1976,0.26442526124488874,1967-1976
TUN,Tunisia,Summer,0.35913185913185913,0.4550425464859754,3,2,1967,1976,0.789226989663323,1967-1976
TUR,Turkey,Summer,0.35913185913185913,0.6128269776237,3,2,1967,1976,0.5860248850734837,1967-1976
UGA,Uganda,Summer,0.4266994266994267,0.1151433974156949,4,2,1967,1976,3.7058088980902726,1967-1976
USA,United States,Summer,0.980238302818948,0.9741906312172183,295,3,1967,1976,1.0062078934121685,1967-1976
VEN,Venezuela,Summer,0.17253176930596287,0.740647570837706,2,2,1967,1976,0.23294718851345397,1967-1976
ARG,Argentina,Summer,0.32432432432432434,0.7473684210526316,1,1,1971,1980,0.43395508184240583,1971-1980
AUS,Australia,Summer,0.7216755926433346,0.8991340345984239,31,3,1971,1980,0.8026340510685409,1971-1980
AUT,Austria,Summer,0.4531905177066467,0.8537014756623617,8,3,1971,1980,0.5308536187723345,1971-1980
BEL,Belgium,Summer,0.4492361024619089,0.9132668940142578,9,3,1971,1980,0.4919001284359439,1971-1980
BGR,Bulgaria,Summer,0.9642857142857143,0.6376811594202898,41,1,1971,1980,1.512175324675325,1971-1980
BMU,Bermuda,Summer,0.19354838709677424,0.9020618556701031,1,1,1971,1980,0.21456221198156689,1971-1980
BRA,Brazil,Summer,0.4834142898659028,0.6079054401779637,8,3,1971,1980,0.7952129688531555,1971-1980
CAN,Canada,Summer,0.7249346120313862,0.9532284319045036,16,2,1971,1980,0.7605046049486821,1971-1980
CHE,Switzerland,Summer,0.4654793041889816,0.9712931289826239,9,3,1971,1980,0.4792366900366582,1971-1980
COL,Colombia,Summer,0.5945945945945945,0.46315789473684205,3,1,1971,1980,1.2837837837837838,1971-1980
CUB,Cuba,Summer,0.8192801096026902,0.6407341876779703,41,3,1971,1980,1.2786583350137328,1971-1980
DEU,Federal Republic of Germany,Summer,1.0,0.8907759088442757,235,2,1971,1980,1.12261679965889,1971-1980
DEU,German Democratic Republic,Summer,1.0,0.9082125603864735,126,1,1971,1980,1.101063829787234,1971-1980
DNK,Denmark,Summer,0.4610266948976627,0.9425139121522617,9,3,1971,1980,0.4891457716999561,1971-1980
ESP,Spain,Summer,0.4621787686303815,0.7743096348371301,9,3,1971,1980,0.5968914085998648,1971-1980
ETH,Ethiopia,Summer,0.5154440154440154,0.05921052631578947,6,2,1971,1980,8.705276705276706,1971-1980
FIN,Finland,Summer,0.7059928592186657,0.877830027531601,22,3,1971,1980,0.8042477895223864,1971-1980
FRA,France,Summer,0.7704778511230125,0.9031010840513306,36,3,1971,1980,0.8531468566803535,1971-1980
GBR,Great Britain,Summer,0.8852389255615062,0.8334434247878774,52,3,1971,1980,1.0621463907844872,1971-1980
GHA,Ghana,Summer,0.32432432432432434,0.2421052631578947,1,1,1971,1980,1.3396004700352528,1971-1980
GRC,Greece,Summer,0.42615830115830117,0.772883295194508,5,2,1971,1980,0.5513876465023764,1971-1980
GUY,Guyana,Summer,0.1785714285714286,0.34782608695652173,1,1,1971,1980,0.5133928571428572,1971-1980
HUN,Hungary,Summer,0.9259143936563291,0.6159581932070077,89,3,1971,1980,1.503209802008678,1971-1980
IND,India,Summer,0.2514478764478765,0.08316806509026192,2,2,1971,1980,3.023370522988376,1971-1980
IRL,Ireland,Summer,0.2857142857142857,0.8019323671497585,2,1,1971,1980,0.3562822719449225,1971-1980
IRN,Iran,Summer,0.5069747166521359,0.6529842647856756,5,2,1971,1980,0.7763965289707809,1971-1980
ITA,Italy,Summer,0.8614294017519825,0.8081723682681479,46,3,1971,1980,1.0658981123024045,1971-1980
JAM,Jamaica,Summer,0.3788454352970482,0.6137550535035732,6,3,1971,1980,0.6172583559751377,1971-1980
JPN,Japan,Summer,0.9272013949433304,0.8463646228974497,54,2,1971,1980,1.0955105752992647,1971-1980
KEN,Kenya,Summer,0.7567567567567568,0.1578947368421053,9,1,1971,1980,4.792792792792792,1971-1980
KOR,Korea Republic,Summer,0.5170008718395815,0.4655181768855128,7,2,1971,1980,1.110592233580452,1971-1980
MEX,Mexico,Summer,0.43836924482085776,0.6761603071376833,7,3,1971,1980,0.6483214708011464,1971-1980
MNG,Mongolia,Summer,0.5714285714285714,0.49275362318840576,4,1,1971,1980,1.1596638655462186,1971-1980
NER,Niger,Summer,0.32432432432432434,0.12631578947368416,1,1,1971,1980,2.567567567567569,1971-1980
NGA,Nigeria,Summer,0.32432432432432434,0.20526315789473681,1,1,1971,1980,1.5800415800415804,1971-1980
NLD,Netherlands,Summer,0.5604786814464234,0.9269770371943106,13,3,1971,1980,0.604630599203222,1971-1980
NOR,Norway,Summer,0.5204882301656495,0.9426478567552903,6,2,1971,1980,0.5521555334112082,1971-1980
NZL,New Zealand,Summer,0.5553618134263295,0.8363809007053717,7,2,1971,1980,0.6640058530245712,1971-1980
PAK,Pakistan,Summer,0.2589363557105493,0.10170916983179601,2,2,1971,1980,2.545850645903133,1971-1980
PRI,Puerto Rico,Summer,0.19354838709677424,0.7525773195876289,1,1,1971,1980,0.25718073353954934,1971-1980
PRT,Portugal,Summer,0.4193548387096774,0.7216494845360825,2,1,1971,1980,0.5811059907834101,1971-1980
SWE,Sweden,Summer,0.7245713455390875,0.9698630759377651,33,3,1971,1980,0.7470862264124203,1971-1980
THA,Thailand,Summer,0.19354838709677424,0.2628865979381443,1,1,1971,1980,0.7362428842504747,1971-1980
TTO,Trinidad and Tobago,Summer,0.19354838709677424,0.731958762886598,1,1,1971,1980,0.26442526124488874,1971-1980
TUN,Tunisia,Summer,0.32432432432432434,0.4789473684210527,1,1,1971,1980,0.6771606771606772,1971-1980
TUR,Turkey,Summer,0.32432432432432434,0.5789473684210527,1,1,1971,1980,0.5601965601965602,1971-1980
TZA,Tanzania,Summer,0.2857142857142857,0.25120772946859904,2,1,1971,1980,1.1373626373626373,1971-1980
UGA,Uganda,Summer,0.319015444015444,0.08026315789473684,3,2,1971,1980,3.974618646749794,1971-1980
USA,United States,Summer,0.970357454228422,0.9612859468258275,188,2,1971,1980,1.0094368459588416,1971-1980
VEN,Venezuela,Summer,0.18605990783410142,0.7281363613725784,2,2,1971,1980,0.25552893345879324,1971-1980
ZWE,Zimbabwe,Summer,0.1785714285714286,0.4347826086956522,1,1,1971,1980,0.41071428571428575,1971-1980
AUS,Australia,Summer,0.7137141428214197,0.9065692894020998,38,3,1975,1984,0.787269270164808,1975-1984
AUT,Austria,Summer,0.4332868931518594,0.8704934556122365,8,3,1975,1984,0.49774859346543804,1975-1984
BEL,Belgium,Summer,0.4821294609366628,0.8970597093860205,11,3,1975,1984,0.5374552617758848,1975-1984
BGR,Bulgaria,Summer,0.9642857142857143,0.6376811594202898,41,1,1975,1984,1.512175324675325,1975-1984
BMU,Bermuda,Summer,0.19354838709677424,0.9020618556701031,1,1,1975,1984,0.21456221198156689,1975-1984
BRA,Brazil,Summer,0.5550673382631371,0.5840959163684398,14,3,1975,1984,0.9503016931092669,1975-1984
CAN,Canada,Summer,0.8638409602400601,0.9454590083456064,55,2,1975,1984,0.9136736258419452,1975-1984
CHE,Switzerland,Summer,0.49208730754117097,0.967199561731162,14,3,1975,1984,0.5087753624085586,1975-1984
CHN,China,Summer,0.9069767441860466,0.08571428571428574,32,1,1975,1984,10.581395348837207,1975-1984
CIV,Ivory Coast,Summer,0.2558139534883721,0.3380952380952381,1,1,1975,1984,0.7566328201768752,1975-1984
CMR,Cameroon,Summer,0.2558139534883721,0.38095238095238093,1,1,1975,1984,0.6715116279069768,1975-1984
COL,Colombia,Summer,0.2558139534883721,0.5047619047619047,1,1,1975,1984,0.5068012286090391,1975-1984
CUB,Cuba,Summer,0.8640552995391706,0.6242591762537975,33,2,1975,1984,1.3841291124055213,1975-1984
DEU,Federal Republic of Germany,Summer,0.9883720930232558,0.88100147275405,188,2,1975,1984,1.121873372054147,1975-1984
DEU,German Democratic Republic,Summer,1.0,0.9082125603864735,126,1,1975,1984,1.101063829787234,1975-1984
DNK,Denmark,Summer,0.56222091237095,0.9330736448172575,14,3,1975,1984,0.6025472003134982,1975-1984
DOM,Dominican Republic,Summer,0.2558139534883721,0.5761904761904761,1,1,1975,1984,0.4439746300211417,1975-1984
DZA,Algeria,Summer,0.37209302325581395,0.6714285714285715,2,1,1975,1984,0.5541810984661059,1975-1984
EGY,Egypt,Summer,0.2558139534883721,0.33333333333333337,1,1,1975,1984,0.7674418604651162,1975-1984
ESP,Spain,Summer,0.5478691101346764,0.7726387910610232,13,3,1975,1984,0.709088278343257,1975-1984
ETH,Ethiopia,Summer,0.5714285714285714,0.05,4,1,1975,1984,11.428571428571427,1975-1984
FIN,Finland,Summer,0.7030596934948022,0.8932853324605902,26,3,1975,1984,0.7870494095746497,1975-1984
FRA,France,Summer,0.7882863573036115,0.8967518777021241,51,3,1975,1984,0.8790462299600094,1975-1984
GBR,Great Britain,Summer,0.8980191476440539,0.8368686545288965,71,3,1975,1984,1.0730705980971187,1975-1984
GRC,Greece,Summer,0.3824750830564784,0.7722567287784678,5,2,1975,1984,0.49526934347527907,1975-1984
GUY,Guyana,Summer,0.1785714285714286,0.34782608695652173,1,1,1975,1984,0.5133928571428572,1975-1984
HUN,Hungary,Summer,0.9158986175115207,0.6081478161263012,54,2,1975,1984,1.506046052003425,1975-1984
IND,India,Summer,0.1785714285714286,0.08212560386473433,1,1,1975,1984,2.174369747899159,1975-1984
IRL,Ireland,Summer,0.2707641196013289,0.7914423740510697,3,2,1975,1984,0.3421147622099107,1975-1984
IRN,Iran,Summer,0.4193548387096774,0.7164948453608248,2,1,1975,1984,0.5852866094221396,1975-1984
ISL,Iceland,Summer,0.2558139534883721,0.9333333333333333,1,1,1975,1984,0.27408637873754155,1975-1984
ITA,Italy,Summer,0.866457685850034,0.8191163950016481,60,3,1975,1984,1.057795560114861,1975-1984
JAM,Jamaica,Summer,0.44903190083235095,0.5348912272713259,8,3,1975,1984,0.8394826423365093,1975-1984
JPN,Japan,Summer,0.9212303075768943,0.8798232695139911,57,2,1975,1984,1.0470629039918167,1975-1984
KEN,Kenya,Summer,0.5348837209302326,0.1523809523809524,3,1,1975,1984,3.510174418604651,1975-1984
KOR,Korea Republic,Summer,0.7501875468867216,0.5843151693667157,25,2,1975,1984,1.2838748439472818,1975-1984
MAR,Morocco,Summer,0.37209302325581395,0.319047619047619,2,1,1975,1984,1.166261714682402,1975-1984
MEX,Mexico,Summer,0.539563462294145,0.6774969821585689,12,3,1975,1984,0.7964071818815269,1975-1984
MNG,Mongolia,Summer,0.5714285714285714,0.49275362318840576,4,1,1975,1984,1.1596638655462186,1975-1984
NGA,Nigeria,Summer,0.37209302325581395,0.41428571428571426,2,1,1975,1984,0.8981555733761027,1975-1984
NLD,Netherlands,Summer,0.5833154717250741,0.91837219174736,21,3,1975,1984,0.6351623851057782,1975-1984
NOR,Norway,Summer,0.477119279819955,0.9504172803141875,5,2,1975,1984,0.502010316628744,1975-1984
NZL,New Zealand,Summer,0.6069017254313578,0.7992881688757978,15,2,1975,1984,0.7593027759749874,1975-1984
PAK,Pakistan,Summer,0.22468117029257317,0.11286205203730976,2,2,1975,1984,1.9907592165549004,1975-1984
PER,Peru,Summer,0.2558139534883721,0.42380952380952386,1,1,1975,1984,0.6036059576691926,1975-1984
PRI,Puerto Rico,Summer,0.2828207051762941,0.7691458026509572,3,2,1975,1984,0.3677075324360052,1975-1984
PRT,Portugal,Summer,0.477119279819955,0.6941580756013745,5,2,1975,1984,0.6873352001366678,1975-1984
SWE,Sweden,Summer,0.7178669667416854,0.9543242288199707,36,3,1975,1984,0.7522254439975117,1975-1984
SYR,Syria,Summer,0.2558139534883721,0.5571428571428572,1,1,1975,1984,0.45915324985092426,1975-1984
THA,Thailand,Summer,0.22468117029257317,0.33144329896907215,2,2,1975,1984,0.6778872011937667,1975-1984
TTO,Trinidad and Tobago,Summer,0.19354838709677424,0.731958762886598,1,1,1975,1984,0.26442526124488874,1975-1984
TUR,Turkey,Summer,0.5348837209302326,0.4761904761904761,3,1,1975,1984,1.1232558139534887,1975-1984
TZA,Tanzania,Summer,0.2857142857142857,0.25120772946859904,2,1,1975,1984,1.1373626373626373,1975-1984
UGA,Uganda,Summer,0.1785714285714286,0.05,1,1,1975,1984,3.571428571428572,1975-1984
USA,United States,Summer,0.9838709677419355,0.9496318114874817,268,2,1975,1984,1.0360551909069078,1975-1984
VEN,Venezuela,Summer,0.3023345121994785,0.7251067805975918,5,3,1975,1984,0.41695171013338417,1975-1984
ZMB,Zambia,Summer,0.2558139534883721,0.19999999999999996,1,1,1975,1984,1.2790697674418607,1975-1984
ZWE,Zimbabwe,Summer,0.1785714285714286,0.4347826086956522,1,1,1975,1984,0.41071428571428575,1975-1984
ARG,Argentina,Summer,0.4444444444444444,0.7117117117117118,2,1,1979,1988,0.6244725738396624,1979-1988
AUS,Australia,Summer,0.7686723268118617,0.8909505779070996,47,3,1979,1988,0.8627552929114458,1979-1988
AUT,Austria,Summer,0.4798818752307124,0.886855178159526,8,3,1979,1988,0.5411051173277268,1979-1988
BEL,Belgium,Summer,0.3937184692998647,0.8968894360198708,7,3,1979,1988,0.4389821682448067,1979-1988
BGR,Bulgaria,Summer,0.9488095238095238,0.640912651782217,76,2,1979,1988,1.4804037978827893,1979-1988
BRA,Brazil,Summer,0.6152823920265781,0.5707371968241534,18,3,1979,1988,1.0780485229459282,1979-1988
CAN,Canada,Summer,0.8100775193798451,0.9400257400257401,54,2,1979,1988,0.8617609974782853,1979-1988
CHE,Switzerland,Summer,0.505229481973668,0.9762240501370937,14,3,1979,1988,0.517534352798128,1979-1988
CHL,Chile,Summer,0.33333333333333337,0.5630630630630631,1,1,1979,1988,0.5920000000000001,1979-1988
CHN,China,Summer,0.8979328165374677,0.07889317889317893,60,2,1979,1988,11.38162803343576,1979-1988
CIV,Ivory Coast,Summer,0.2558139534883721,0.3380952380952381,1,1,1979,1988,0.7566328201768752,1979-1988
CMR,Cameroon,Summer,0.2558139534883721,0.38095238095238093,1,1,1979,1988,0.6715116279069768,1979-1988
COL,Colombia,Summer,0.29457364341085274,0.49337194337194334,2,2,1979,1988,0.5970620084263274,1979-1988
CRI,Costa Rica,Summer,0.33333333333333337,0.5180180180180181,1,1,1979,1988,0.6434782608695653,1979-1988
CUB,Cuba,Summer,0.8571428571428572,0.5990338164251208,20,1,1979,1988,1.4308755760368665,1979-1988
DEU,Federal Republic of Germany,Summer,0.9767441860465116,0.8857142857142857,59,1,1979,1988,1.102775693923481,1979-1988
DEU,German Democratic Republic,Summer,1.0,0.9158179919049485,268,2,1979,1988,1.0919200199593684,1979-1988
DJI,Djibouti,Summer,0.33333333333333337,0.3558558558558559,1,1,1979,1988,0.9367088607594937,1979-1988
DNK,Denmark,Summer,0.596868463147533,0.9401786880047749,15,3,1979,1988,0.6348457700250504,1979-1988
DOM,Dominican Republic,Summer,0.2558139534883721,0.5761904761904761,1,1,1979,1988,0.4439746300211417,1979-1988
DZA,Algeria,Summer,0.37209302325581395,0.6714285714285715,2,1,1979,1988,0.5541810984661059,1979-1988
EGY,Egypt,Summer,0.2558139534883721,0.33333333333333337,1,1,1979,1988,0.7674418604651162,1979-1988
ESP,Spain,Summer,0.5932693490833025,0.7866786040699084,15,3,1979,1988,0.7541445083341576,1979-1988
ETH,Ethiopia,Summer,0.5714285714285714,0.05,4,1,1979,1988,11.428571428571427,1979-1988
FIN,Finland,Summer,0.6516857388950412,0.9177892177892177,24,3,1979,1988,0.7100603561946719,1979-1988
FRA,France,Summer,0.807641196013289,0.906024036458819,58,3,1979,1988,0.8914125492409033,1979-1988
GBR,Great Britain,Summer,0.8965854558877814,0.8712793538880494,82,3,1979,1988,1.0290447626089203,1979-1988
GRC,Greece,Summer,0.3660944998154301,0.7730960774439035,6,3,1979,1988,0.47354334150271793,1979-1988
GUY,Guyana,Summer,0.1785714285714286,0.34782608695652173,1,1,1979,1988,0.5133928571428572,1979-1988
HUN,Hungary,Summer,0.8753968253968254,0.6402598250424338,55,2,1979,1988,1.3672524671352098,1979-1988
IDN,Indonesia,Summer,0.33333333333333337,0.19819819819819817,1,1,1979,1988,1.6818181818181823,1979-1988
IND,India,Summer,0.1785714285714286,0.08212560386473433,1,1,1979,1988,2.174369747899159,1979-1988
IRL,Ireland,Summer,0.2707641196013289,0.7914423740510697,3,2,1979,1988,0.3421147622099107,1979-1988
IRN,Iran,Summer,0.33333333333333337,0.6036036036036037,1,1,1979,1988,0.5522388059701493,1979-1988
ISL,Iceland,Summer,0.2558139534883721,0.9333333333333333,1,1,1979,1988,0.27408637873754155,1979-1988
ITA,Italy,Summer,0.8353943644641318,0.8537438059177189,61,3,1979,1988,0.9785070868726683,1979-1988
JAM,Jamaica,Summer,0.45739510274394,0.4908523430262561,8,3,1979,1988,0.9318384830842573,1979-1988
JPN,Japan,Summer,0.8423772609819122,0.9503861003861004,46,2,1979,1988,0.88635267354993,1979-1988
KEN,Kenya,Summer,0.5896640826873385,0.15051480051480054,12,2,1979,1988,3.9176485014797944,1979-1988
KOR,Korea Republic,Summer,0.8509043927648579,0.6862934362934363,52,2,1979,1988,1.2398550645631403,1979-1988
MAR,Morocco,Summer,0.4193798449612403,0.38249678249678243,5,2,1979,1988,1.0964271182196628,1979-1988
MEX,Mexico,Summer,0.547926664205734,0.65683198726677,12,3,1979,1988,0.8341960727061782,1979-1988
MNG,Mongolia,Summer,0.4523809523809524,0.5031335683509597,5,2,1979,1988,0.8991269532336095,1979-1988
NGA,Nigeria,Summer,0.37209302325581395,0.41428571428571426,2,1,1979,1988,0.8981555733761027,1979-1988
NLD,Netherlands,Summer,0.5938292112710717,0.9171183605966214,25,3,1979,1988,0.6474946275034364,1979-1988
NOR,Norway,Summer,0.5563307493540052,0.9581724581724581,8,2,1979,1988,0.5806165107428637,1979-1988
NZL,New Zealand,Summer,0.7043927648578812,0.828056628056628,24,2,1979,1988,0.8506577219374785,1979-1988
PAK,Pakistan,Summer,0.29457364341085274,0.12985842985842982,2,2,1979,1988,2.268421416553346,1979-1988
PER,Peru,Summer,0.29457364341085274,0.3695624195624196,2,2,1979,1988,0.7970876577754921,1979-1988
PHL,Philippines,Summer,0.33333333333333337,0.3063063063063063,1,1,1979,1988,1.0882352941176472,1979-1988
PRI,Puerto Rico,Summer,0.37209302325581395,0.7857142857142857,2,1,1979,1988,0.47357293868921774,1979-1988
PRT,Portugal,Summer,0.434108527131783,0.7072072072072072,4,2,1979,1988,0.6138349874092728,1979-1988
ROU,Romania,Summer,0.8666666666666667,0.5360360360360361,24,1,1979,1988,1.6168067226890754,1979-1988
RUS,USSR,Summer,0.9777777777777777,0.7027027027027026,132,1,1979,1988,1.3914529914529916,1979-1988
SEN,Senegal,Summer,0.33333333333333337,0.3918918918918919,1,1,1979,1988,0.8505747126436782,1979-1988
SUR,Suriname,Summer,0.33333333333333337,0.6666666666666667,1,1,1979,1988,0.5,1979-1988
SWE,Sweden,Summer,0.7431955211024978,0.9575594227768142,42,3,1979,1988,0.7761351446444072,1979-1988
SYR,Syria,Summer,0.2558139534883721,0.5571428571428572,1,1,1979,1988,0.45915324985092426,1979-1988
THA,Thailand,Summer,0.29457364341085274,0.431981981981982,2,2,1979,1988,0.681911875257657,1979-1988
TUR,Turkey,Summer,0.4896640826873385,0.5038610038610039,5,2,1979,1988,0.9718237349886643,1979-1988
TZA,Tanzania,Summer,0.2857142857142857,0.25120772946859904,2,1,1979,1988,1.1373626373626373,1979-1988
UGA,Uganda,Summer,0.1785714285714286,0.05,1,1,1979,1988,3.571428571428572,1979-1988
USA,United States,Summer,0.9777777777777779,0.9586872586872588,268,2,1979,1988,1.0199131874524545,1979-1988
VEN,Venezuela,Summer,0.3567275747508306,0.7242581090407177,4,2,1979,1988,0.49254205137353235,1979-1988
ZMB,Zambia,Summer,0.2558139534883721,0.19999999999999996,1,1,1979,1988,1.2790697674418607,1979-1988
ZWE,Zimbabwe,Summer,0.1785714285714286,0.4347826086956522,1,1,1979,1988,0.41071428571428575,1979-1988
ARG,Argentina,Summer,0.3362573099415205,0.731374528055026,3,2,1983,1992,0.45976076147434775,1983-1992
AUS,Australia,Summer,0.8171267963189628,0.8927078827493764,65,3,1983,1992,0.9153350296430253,1983-1992
AUT,Austria,Summer,0.4180606555147559,0.9077490650104757,6,3,1983,1992,0.4605465008217126,1983-1992
BEL,Belgium,Summer,0.4979373498345347,0.8945374538735534,9,3,1983,1992,0.5566422598387034,1983-1992
BGR,Bulgaria,Summer,0.8263157894736842,0.5212421965534,51,2,1983,1992,1.5852818419873078,1983-1992
BHS,Bahamas,Summer,0.22807017543859653,0.7966804979253113,1,1,1983,1992,0.28627558479532167,1983-1992
BRA,Brazil,Summer,0.5885488916088671,0.5709109227781427,17,3,1983,1992,1.0308944322608076,1983-1992
CAN,Canada,Summer,0.791513667890657,0.9282052651347258,72,3,1983,1992,0.8527355937544392,1983-1992
CHE,Switzerland,Summer,0.4860147785484383,0.9831196341569785,13,3,1983,1992,0.4943597520206116,1983-1992
CHL,Chile,Summer,0.33333333333333337,0.5630630630630631,1,1,1983,1992,0.5920000000000001,1983-1992
CHN,China,Summer,0.9144113513758557,0.10653736130914555,114,3,1983,1992,8.583011068975662,1983-1992
CIV,Ivory Coast,Summer,0.2558139534883721,0.3380952380952381,1,1,1983,1992,0.7566328201768752,1983-1992
CMR,Cameroon,Summer,0.2558139534883721,0.38095238095238093,1,1,1983,1992,0.6715116279069768,1983-1992
COL,Colombia,Summer,0.272405820753434,0.510104117158059,3,3,1983,1992,0.5340200394207508,1983-1992
CRI,Costa Rica,Summer,0.33333333333333337,0.5180180180180181,1,1,1983,1992,0.6434782608695653,1983-1992
CUB,Cuba,Summer,0.9298245614035088,0.5809128630705394,31,1,1983,1992,1.6006265664160404,1983-1992
CZE,Czechoslovakia,Summer,0.631578947368421,0.6804979253112033,7,1,1983,1992,0.9281129653401796,1983-1992
DEU,Federal Republic of Germany,Summer,0.9767441860465116,0.8857142857142857,59,1,1983,1992,1.102775693923481,1983-1992
DEU,German Democratic Republic,Summer,1.0,0.9234234234234235,142,1,1983,1992,1.0829268292682925,1983-1992
DEU,Germany,Summer,0.9649122807017544,0.95850622406639,82,1,1983,1992,1.0066833751044277,1983-1992
DJI,Djibouti,Summer,0.33333333333333337,0.3558558558558559,1,1,1983,1992,0.9367088607594937,1983-1992
DNK,Denmark,Summer,0.5933179201233058,0.9498204784511838,16,3,1983,1992,0.6246632217182707,1983-1992
DOM,Dominican Republic,Summer,0.2558139534883721,0.5761904761904761,1,1,1983,1992,0.4439746300211417,1983-1992
DZA,Algeria,Summer,0.37902896776825784,0.6137225844694725,4,2,1983,1992,0.6175900600039126,1983-1992
EGY,Egypt,Summer,0.2558139534883721,0.33333333333333337,1,1,1983,1992,0.7674418604651162,1983-1992
ESP,Spain,Summer,0.6596853891835531,0.8045189231911224,31,3,1983,1992,0.8199749815292257,1983-1992
ETH,Ethiopia,Summer,0.49122807017543857,0.05,3,1,1983,1992,9.82456140350877,1983-1992
FIN,Finland,Summer,0.6126297656285417,0.9271637375371814,21,3,1983,1992,0.660756823013663,1983-1992
FRA,France,Summer,0.8439820481436149,0.9096589179576732,73,3,1983,1992,0.9278005541225132,1983-1992
GBR,Great Britain,Summer,0.8679722562219503,0.8815625940107267,81,3,1983,1992,0.9845838084770064,1983-1992
GHA,Ghana,Summer,0.22807017543859653,0.1908713692946058,1,1,1983,1992,1.1948893974065602,1983-1992
GRC,Greece,Summer,0.363797089623283,0.7791698040660696,5,3,1983,1992,0.4669034756285741,1983-1992
HRV,Croatia,Summer,0.49122807017543857,0.5975103734439834,3,1,1983,1992,0.8221247563352826,1983-1992
HUN,Hungary,Summer,0.867251461988304,0.6796287989234047,53,2,1983,1992,1.2760663811805961,1983-1992
IDN,Indonesia,Summer,0.4473684210526316,0.24225262607005343,6,2,1983,1992,1.846702049468243,1983-1992
IRL,Ireland,Summer,0.3208894328845369,0.813712704999012,3,2,1983,1992,0.3943522460853386,1983-1992
IRN,Iran,Summer,0.41228070175438597,0.5839594781503495,4,2,1983,1992,0.7060090934053438,1983-1992
ISL,Iceland,Summer,0.2558139534883721,0.9333333333333333,1,1,1983,1992,0.27408637873754155,1983-1992
ISR,Israel,Summer,0.38596491228070173,0.8381742738589212,2,1,1983,1992,0.46048289039430257,1983-1992
ITA,Italy,Summer,0.8247427353914502,0.8822148170695888,65,3,1983,1992,0.934854776222144,1983-1992
JAM,Jamaica,Summer,0.5018813182827871,0.4907387529794169,9,3,1983,1992,1.0227056967392947,1983-1992
JPN,Japan,Summer,0.842286595040573,0.9600084376017985,68,3,1983,1992,0.8773741584445789,1983-1992
KEN,Kenya,Summer,0.6094836574640736,0.1459863538701713,20,3,1983,1992,4.174935816303078,1983-1992
KOR,Korea Republic,Summer,0.8655152092116597,0.7175566200462465,81,3,1983,1992,1.206197789877372,1983-1992
MAR,Morocco,Summer,0.4433292533659731,0.4140573294100265,8,3,1983,1992,1.070695340661292,1983-1992
MEX,Mexico,Summer,0.433473865542409,0.6612352720236537,9,3,1983,1992,0.6555516377942143,1983-1992
MNG,Mongolia,Summer,0.35964912280701755,0.3874621509476281,3,2,1983,1992,0.9282174321476631,1983-1992
MYS,Malaysia,Summer,0.22807017543859653,0.6639004149377593,1,1,1983,1992,0.34353070175438605,1983-1992
NAM,Namibia,Summer,0.38596491228070173,0.6016597510373445,2,1,1983,1992,0.6415003024803386,1983-1992
NGA,Nigeria,Summer,0.4492044063647491,0.3212507409602845,6,2,1983,1992,1.3982984288907314,1983-1992
NLD,Netherlands,Summer,0.6967949589736615,0.9173054500855331,37,3,1983,1992,0.7596106170618409,1983-1992
NOR,Norway,Summer,0.5814134820254772,0.96381621692825,15,3,1983,1992,0.6032410243920596,1983-1992
NZL,New Zealand,Summer,0.691817398794143,0.824513547335124,34,3,1983,1992,0.8390612877497734,1983-1992
PAK,Pakistan,Summer,0.272405820753434,0.1488129504727015,3,3,1983,1992,1.8305249636415521,1983-1992
PER,Peru,Summer,0.272405820753434,0.4206488052961082,3,3,1983,1992,0.6475849148357352,1983-1992
PHL,Philippines,Summer,0.28070175438596495,0.33987514485439796,2,2,1983,1992,0.8258966818718597,1983-1992
POL,Poland,Summer,0.7894736842105263,0.6058091286307055,19,1,1983,1992,1.3031723143475125,1983-1992
PRI,Puerto Rico,Summer,0.30008159934720524,0.784973325429757,3,2,1983,1992,0.38228254340097056,1983-1992
PRT,Portugal,Summer,0.434108527131783,0.7072072072072072,4,2,1983,1992,0.6138349874092728,1983-1992
QAT,Qatar,Summer,0.22807017543859653,0.8589211618257262,1,1,1983,1992,0.2655309772014578,1983-1992
ROU,Romania,Summer,0.8105263157894738,0.48793503046615083,42,2,1983,1992,1.6611357356636887,1983-1992
RUS,USSR,Summer,0.9777777777777777,0.7027027027027026,132,1,1983,1992,1.3914529914529916,1983-1992
RUS,Unified Team (ex USSR),Summer,1.0,0.6556016597510373,112,1,1983,1992,1.5253164556962024,1983-1992
SEN,Senegal,Summer,0.33333333333333337,0.3918918918918919,1,1,1983,1992,0.8505747126436782,1983-1992
SUR,Suriname,Summer,0.28070175438596495,0.5262793914246197,2,2,1983,1992,0.5333702192406115,1983-1992
SVN,Slovenia,Summer,0.38596491228070173,0.7551867219917012,2,1,1983,1992,0.5110854058222479,1983-1992
SWE,Sweden,Summer,0.7212656965410943,0.9649093669840557,42,3,1983,1992,0.7474957972431131,1983-1992
SYR,Syria,Summer,0.2558139534883721,0.5571428571428572,1,1,1983,1992,0.45915324985092426,1983-1992
THA,Thailand,Summer,0.272405820753434,0.4788593572825938,3,3,1983,1992,0.5688639401332124,1983-1992
TUR,Turkey,Summer,0.5252731311482842,0.5433762155753857,11,3,1983,1992,0.9666840691436375,1983-1992
USA,United States,Summer,0.979337231968811,0.9558606620847284,376,3,1983,1992,1.0245606612085911,1983-1992
VEN,Venezuela,Summer,0.5348837209302326,0.719047619047619,3,1,1983,1992,0.743878022485754,1983-1992
ZAF,South Africa,Summer,0.38596491228070173,0.6846473029045643,2,1,1983,1992,0.5637426900584795,1983-1992
ZMB,Zambia,Summer,0.2558139534883721,0.19999999999999996,1,1,1983,1992,1.2790697674418607,1983-1992
ARG,Argentina,Summer,0.38645224171539966,0.7382605254784185,6,3,1987,1996,0.5234632333415974,1987-1996
ARM,Armenia,Summer,0.4078947368421053,0.19105691056910568,2,1,1987,1996,2.1349384098544237,1987-1996
AUS,Australia,Summer,0.861598440545809,0.875402423980503,82,3,1987,1996,0.9842312711770587,1987-1996
AUT,Austria,Summer,0.40204678362573104,0.9357010588161282,6,3,1987,1996,0.42967439209100655,1987-1996
AZE,Azerbaijan,Summer,0.25,0.16666666666666663,1,1,1987,1996,1.5000000000000004,1987-1996
BDI,Burundi,Summer,0.25,0.05,1,1,1987,1996,5.0,1987-1996
BEL,Belgium,Summer,0.5224171539961013,0.9188889831031314,11,3,1987,1996,0.5685313063955495,1987-1996
BGR,Bulgaria,Summer,0.8140350877192982,0.4951912746670362,66,3,1987,1996,1.643880111309818,1987-1996
BHS,Bahamas,Summer,0.23903508771929827,0.7926491920520865,2,2,1987,1996,0.30156479072471043,1987-1996
BLR,Belarus,Summer,0.7894736842105263,0.43089430894308944,15,1,1987,1996,1.8321747765640517,1987-1996
BRA,Brazil,Summer,0.6269005847953216,0.6318478178613792,24,3,1987,1996,0.9921702142094871,1987-1996
CAN,Canada,Summer,0.7631578947368421,0.9036601625408426,50,3,1987,1996,0.8445186878561218,1987-1996
CHE,Switzerland,Summer,0.4805068226120858,0.9901657046176832,12,3,1987,1996,0.48527920162374866,1987-1996
CHL,Chile,Summer,0.33333333333333337,0.5630630630630631,1,1,1987,1996,0.5920000000000001,1987-1996
CHN,China,Summer,0.932261208576998,0.15926674574584707,132,3,1987,1996,5.853458009776074,1987-1996
COL,Colombia,Summer,0.28070175438596495,0.5127752233561362,2,2,1987,1996,0.5474167658662595,1987-1996
CRI,Costa Rica,Summer,0.2916666666666667,0.5638870577894968,2,2,1987,1996,0.5172430589381394,1987-1996
CUB,Cuba,Summer,0.9122807017543859,0.5648466754377087,56,2,1987,1996,1.6150943989312587,1987-1996
CZE,Czech Republic,Summer,0.7236842105263157,0.7439024390243903,11,1,1987,1996,0.9728213977566865,1987-1996
CZE,Czechoslovakia,Summer,0.631578947368421,0.6804979253112033,7,1,1987,1996,0.9281129653401796,1987-1996
DEU,German Democratic Republic,Summer,1.0,0.9234234234234235,142,1,1987,1996,1.0829268292682925,1987-1996
DEU,Germany,Summer,0.9758771929824561,0.9609604291063657,147,2,1987,1996,1.0155227659998052,1987-1996
DJI,Djibouti,Summer,0.33333333333333337,0.3558558558558559,1,1,1987,1996,0.9367088607594937,1987-1996
DNK,Denmark,Summer,0.594541910331384,0.9673195105843623,16,3,1987,1996,0.6146282627673026,1987-1996
DZA,Algeria,Summer,0.4364035087719298,0.5076830955031542,5,2,1987,1996,0.8595982663937616,1987-1996
ECU,Ecuador,Summer,0.25,0.524390243902439,1,1,1987,1996,0.4767441860465116,1987-1996
ESP,Spain,Summer,0.7378167641325536,0.83038032466228,43,3,1987,1996,0.8885287165644581,1987-1996
ETH,Ethiopia,Summer,0.4890350877192982,0.05,6,2,1987,1996,9.780701754385964,1987-1996
FIN,Finland,Summer,0.5521442495126706,0.9315772102433372,13,3,1987,1996,0.592698322201812,1987-1996
FRA,France,Summer,0.8763157894736843,0.9263062272879093,82,3,1987,1996,0.9460324929903691,1987-1996
GBR,Great Britain,Summer,0.8210526315789474,0.8996036315639594,59,3,1987,1996,0.9126826557508986,1987-1996
GEO,Georgia,Summer,0.4078947368421053,0.23983739837398377,2,1,1987,1996,1.7007136485280998,1987-1996
GHA,Ghana,Summer,0.22807017543859653,0.1908713692946058,1,1,1987,1996,1.1948893974065602,1987-1996
GRC,Greece,Summer,0.47222222222222227,0.7948492465747804,11,3,1987,1996,0.5941028745477901,1987-1996
HKG,"Hong Kong, British",Summer,0.25,0.9105691056910569,1,1,1987,1996,0.27455357142857145,1987-1996
HRV,Croatia,Summer,0.44956140350877194,0.6605438046081706,5,2,1987,1996,0.6805928696514657,1987-1996
HUN,Hungary,Summer,0.8632553606237816,0.6834381694719717,74,3,1987,1996,1.263106743497715,1987-1996
IDN,Indonesia,Summer,0.4780701754385965,0.28751801087597056,10,3,1987,1996,1.6627486187111467,1987-1996
IND,India,Summer,0.25,0.16260162601626016,1,1,1987,1996,1.5375,1987-1996
IRL,Ireland,Summer,0.46271929824561403,0.8581958641163174,6,2,1987,1996,0.5391767982033742,1987-1996
IRN,Iran,Summer,0.4371345029239766,0.5546179718834309,7,3,1987,1996,0.7881722646662687,1987-1996
ISR,Israel,Summer,0.31798245614035087,0.8520139661977533,3,2,1987,1996,0.37321272743849226,1987-1996
ITA,Italy,Summer,0.8294346978557505,0.9023077322844554,68,3,1987,1996,0.9192370498209015,1987-1996
JAM,Jamaica,Summer,0.5341130604288499,0.5366543549925799,12,3,1987,1996,0.995264559879021,1987-1996
JPN,Japan,Summer,0.7855750487329435,0.9818047984225498,50,3,1987,1996,0.8001336416313247,1987-1996
KAZ,Kazakhstan,Summer,0.7236842105263157,0.4065040650406504,11,1,1987,1996,1.7802631578947368,1987-1996
KEN,Kenya,Summer,0.6636452241715399,0.15210327218221156,25,3,1987,1996,4.3631225985495465,1987-1996
KOR,Korea Republic,Summer,0.9045808966861598,0.7742736157876325,89,3,1987,1996,1.1682961659050874,1987-1996
LTU,Lithuania,Summer,0.25,0.5609756097560976,1,1,1987,1996,0.44565217391304346,1987-1996
LVA,Latvia,Summer,0.25,0.5650406504065041,1,1,1987,1996,0.4424460431654676,1987-1996
MAR,Morocco,Summer,0.4552631578947368,0.4594696406759963,8,3,1987,1996,0.9908449168152422,1987-1996
MDA,Moldova,Summer,0.4078947368421053,0.21138211382113825,2,1,1987,1996,1.929655870445344,1987-1996
MEX,Mexico,Summer,0.307504873294347,0.6723076684619039,4,3,1987,1996,0.4573871275302457,1987-1996
MNG,Mongolia,Summer,0.3230994152046784,0.3314788323390691,4,3,1987,1996,0.974721109413649,1987-1996
MOZ,Mozambique,Summer,0.25,0.05284552845528456,1,1,1987,1996,4.73076923076923,1987-1996
MYS,Malaysia,Summer,0.3179824561403509,0.6835762237290423,3,2,1987,1996,0.46517483362088624,1987-1996
NAM,Namibia,Summer,0.3969298245614035,0.5853827210471275,4,2,1987,1996,0.6780689116538645,1987-1996
NGA,Nigeria,Summer,0.5789473684210527,0.3478477212158014,10,2,1987,1996,1.6643701628905578,1987-1996
NLD,Netherlands,Summer,0.7250487329434697,0.9346109088544065,43,3,1987,1996,0.7757760219514169,1987-1996
NOR,Norway,Summer,0.6224171539961013,0.971559151500453,19,3,1987,1996,0.6406374259712905,1987-1996
NZL,New Zealand,Summer,0.669785575048733,0.8408124246096111,29,3,1987,1996,0.7965933369261452,1987-1996
PAK,Pakistan,Summer,0.28070175438596495,0.1541718066614332,2,2,1987,1996,1.8207074332494269,1987-1996
PER,Peru,Summer,0.28070175438596495,0.41906844603940036,2,2,1987,1996,0.6698231685989875,1987-1996
PHL,Philippines,Summer,0.27046783625730997,0.36479481201675307,3,3,1987,1996,0.7414245689571068,1987-1996
POL,Poland,Summer,0.8026315789473684,0.6321728569982795,36,2,1987,1996,1.2696394191273428,1987-1996
PRI,Puerto Rico,Summer,0.23903508771929827,0.7904901663124515,2,2,1987,1996,0.3023884393582912,1987-1996
PRT,Portugal,Summer,0.37061403508771934,0.7742803779389145,3,2,1987,1996,0.4786561117230822,1987-1996
QAT,Qatar,Summer,0.22807017543859653,0.8589211618257262,1,1,1987,1996,0.2655309772014578,1987-1996
ROU,Romania,Summer,0.8210526315789474,0.4824715921264853,62,3,1987,1996,1.7017636788938637,1987-1996
RUS,Russian Federation,Summer,0.9736842105263158,0.5731707317073171,63,1,1987,1996,1.6987681970884656,1987-1996
RUS,USSR,Summer,0.9777777777777777,0.7027027027027026,132,1,1987,1996,1.3914529914529916,1987-1996
RUS,Unified Team (ex USSR),Summer,1.0,0.6556016597510373,112,1,1987,1996,1.5253164556962024,1987-1996
SEN,Senegal,Summer,0.33333333333333337,0.3918918918918919,1,1,1987,1996,0.8505747126436782,1987-1996
SRB,Yugoslavia Federal Republic,Summer,0.5394736842105263,0.5934959349593496,4,1,1987,1996,0.9089762076423936,1987-1996
SUR,Suriname,Summer,0.28070175438596495,0.5262793914246197,2,2,1987,1996,0.5333702192406115,1987-1996
SVK,Slovakia,Summer,0.48684210526315785,0.7195121951219511,3,1,1987,1996,0.676628010704728,1987-1996
SVN,Slovenia,Summer,0.3969298245614035,0.767837263434875,4,2,1987,1996,0.5169452479888267,1987-1996
SWE,Sweden,Summer,0.6901559454191033,0.9731168776305908,31,3,1987,1996,0.7092220485370067,1987-1996
SYR,Syria,Summer,0.25,0.3252032520325203,1,1,1987,1996,0.76875,1987-1996
THA,Thailand,Summer,0.3230994152046784,0.5447130158191792,4,3,1987,1996,0.5931553053102245,1987-1996
TON,Tonga,Summer,0.25,0.532520325203252,1,1,1987,1996,0.4694656488549619,1987-1996
TTO,Trinidad and Tobago,Summer,0.4078947368421053,0.6869918699186992,2,1,1987,1996,0.5937402678293368,1987-1996
TUN,Tunisia,Summer,0.25,0.5203252032520325,1,1,1987,1996,0.48046875000000006,1987-1996
TUR,Turkey,Summer,0.557504873294347,0.6000932113167717,14,3,1987,1996,0.9290304619027866,1987-1996
UGA,Uganda,Summer,0.25,0.05691056910569103,1,1,1987,1996,4.392857142857145,1987-1996
UKR,Ukraine,Summer,0.881578947368421,0.29268292682926833,23,1,1987,1996,3.0120614035087714,1987-1996
USA,United States,Summer,0.979337231968811,0.9518343361071829,303,3,1987,1996,1.028894624640365,1987-1996
UZB,Uzbekistan,Summer,0.4078947368421053,0.22357723577235777,2,1,1987,1996,1.8244019138755978,1987-1996
ZAF,South Africa,Summer,0.46929824561403505,0.6573643018587862,7,2,1987,1996,0.7139089303861359,1987-1996
ZMB,Zambia,Summer,0.25,0.15040650406504064,1,1,1987,1996,1.6621621621621623,1987-1996
ARG,Argentina,Summer,0.3941482494114073,0.7480352404324163,8,3,1991,2000,0.5269113380053622,1991-2000
ARM,Armenia,Summer,0.30784347231715653,0.20907427201762058,3,2,1991,2000,1.472412025384031,1991-2000
AUS,Australia,Summer,0.9270145059618744,0.8794522905801706,126,3,1991,2000,1.0540816322740227,1991-2000
AUT,Austria,Summer,0.4251348067137541,0.9365146213826788,8,3,1991,2000,0.4539542651091567,1991-2000
AZE,Azerbaijan,Summer,0.3262987012987013,0.21679946879150064,4,2,1991,2000,1.5050714981802273,1991-2000
BDI,Burundi,Summer,0.25,0.05,1,1,1991,2000,5.0,1991-2000
BEL,Belgium,Summer,0.5604161919951394,0.9162389226841468,14,3,1991,2000,0.6116485319717535,1991-2000
BGR,Bulgaria,Summer,0.7583352320194425,0.43187098226307846,44,3,1991,2000,1.7559300419899366,1991-2000
BHS,Bahamas,Summer,0.29355585934533307,0.8338776818195849,5,3,1991,2000,0.3520370741962679,1991-2000
BLR,Belarus,Summer,0.8038277511961722,0.4166423735950507,32,2,1991,2000,1.9292990875129772,1991-2000
BRA,Brazil,Summer,0.6736538315485684,0.6340073479093555,30,3,1991,2000,1.0625331611217874,1991-2000
BRB,Barbados,Summer,0.20779220779220775,0.7808764940239044,1,1,1991,2000,0.2661012456930824,1991-2000
CAN,Canada,Summer,0.805004936583884,0.8943101751032057,54,3,1991,2000,0.9001406435870914,1991-2000
CHE,Switzerland,Summer,0.5247588668641301,0.9852005801306464,17,3,1991,2000,0.5326416543467143,1991-2000
CHL,Chile,Summer,0.20779220779220775,0.701195219123506,1,1,1991,2000,0.2963400236127508,1991-2000
CHN,China,Summer,0.9606402369560264,0.2467965065823808,162,3,1991,2000,3.892438552955628,1991-2000
CMR,Cameroon,Summer,0.20779220779220775,0.2828685258964143,1,1,1991,2000,0.7345893543076641,1991-2000
COL,Colombia,Summer,0.21793119161540214,0.5546527582615596,2,2,1991,2000,0.3929146450086372,1991-2000
CRI,Costa Rica,Summer,0.27435064935064934,0.6116509571470217,3,2,1991,2000,0.44854119190841724,1991-2000
CUB,Cuba,Summer,0.911217437533227,0.5691275313011019,85,3,1991,2000,1.601077768018113,1991-2000
CZE,Czech Republic,Summer,0.693010936431989,0.730516956563988,19,2,1991,2000,0.9486582483883607,1991-2000
CZE,Czechoslovakia,Summer,0.631578947368421,0.6804979253112033,7,1,1991,2000,0.9281129653401796,1991-2000
DEU,Germany,Summer,0.9666021113389535,0.9407730881957445,203,3,1991,2000,1.0274551041768691,1991-2000
DNK,Denmark,Summer,0.6128199286094023,0.9648967691177962,18,3,1991,2000,0.635114499522786,1991-2000
DZA,Algeria,Summer,0.47708285866180605,0.5031300317962595,10,3,1991,2000,0.9482297388580431,1991-2000
ECU,Ecuador,Summer,0.25,0.524390243902439,1,1,1991,2000,0.4767441860465116,1991-2000
ESP,Spain,Summer,0.7907268170426066,0.8281968663035228,50,3,1991,2000,0.9547570743316675,1991-2000
EST,Estonia,Summer,0.4025974025974026,0.6374501992031872,3,1,1991,2000,0.6315746753246754,1991-2000
ETH,Ethiopia,Summer,0.5468026125920863,0.05000000000000001,14,3,1991,2000,10.936052251841724,1991-2000
FIN,Finland,Summer,0.5228032201716412,0.9160477365465328,13,3,1991,2000,0.5707161311730222,1991-2000
FRA,France,Summer,0.9213374344953292,0.9136660971178987,104,3,1991,2000,1.0083962154244634,1991-2000
GBR,Great Britain,Summer,0.8308650413913572,0.9157193488748959,63,3,1991,2000,0.9073359020012022,1991-2000
GEO,Georgia,Summer,0.5091421736158579,0.26533702588021896,8,2,1991,2000,1.9188508348084818,1991-2000
GHA,Ghana,Summer,0.22807017543859653,0.1908713692946058,1,1,1991,2000,1.1948893974065602,1991-2000
GRC,Greece,Summer,0.6165223665223666,0.794227110494477,23,3,1991,2000,0.7762544974554275,1991-2000
HKG,"Hong Kong, British",Summer,0.25,0.9105691056910569,1,1,1991,2000,0.27455357142857145,1991-2000
HRV,Croatia,Summer,0.39927470190628084,0.6727662548649423,7,3,1991,2000,0.5934820586184649,1991-2000
HUN,Hungary,Summer,0.8619085592769803,0.6858250184723665,68,3,1991,2000,1.2567470361417101,1991-2000
IDN,Indonesia,Summer,0.5704222677906888,0.3210535384354025,15,3,1991,2000,1.7767200778117587,1991-2000
IND,India,Summer,0.22889610389610388,0.16098208790852847,2,2,1991,2000,1.421873121847971,1991-2000
IRL,Ireland,Summer,0.37774360142781194,0.8828875481890988,7,3,1991,2000,0.4278501856806185,1991-2000
IRN,Iran,Summer,0.48186754765702133,0.5101232779863465,10,3,1991,2000,0.9446099961545346,1991-2000
ISL,Iceland,Summer,0.20779220779220775,0.9561752988047809,1,1,1991,2000,0.21731601731601727,1991-2000
ISR,Israel,Summer,0.2812523733576365,0.8561899216882765,4,3,1991,2000,0.3284929736185746,1991-2000
ITA,Italy,Summer,0.8775347459557986,0.8907084836334138,88,3,1991,2000,0.9852098212606257,1991-2000
JAM,Jamaica,Summer,0.6154021417179312,0.5630113893177416,19,3,1991,2000,1.0930545161149878,1991-2000
JPN,Japan,Summer,0.8033720665299612,0.9796691966853542,54,3,1991,2000,0.8200442243648338,1991-2000
KAZ,Kazakhstan,Summer,0.6800239234449761,0.3924950604087714,18,2,1991,2000,1.732566832144976,1991-2000
KEN,Kenya,Summer,0.6609516214779373,0.15036248757290105,23,3,1991,2000,4.39572151370191,1991-2000
KGZ,Kyrgyzstan,Summer,0.20779220779220775,0.05976095617529875,1,1,1991,2000,3.4770562770562794,1991-2000
KOR,Korea Republic,Summer,0.8995784916837549,0.795306600964044,84,3,1991,2000,1.131109047244567,1991-2000
KWT,Kuwait,Summer,0.20779220779220775,0.8406374501992032,1,1,1991,2000,0.2471840955253277,1991-2000
LKA,Sri Lanka,Summer,0.20779220779220775,0.31474103585657376,1,1,1991,2000,0.660200558934736,1991-2000
LTU,Lithuania,Summer,0.40422077922077926,0.5773005538820328,6,2,1991,2000,0.7001912201583975,1991-2000
LVA,Latvia,Summer,0.3262987012987013,0.577341042334726,4,2,1991,2000,0.5651749613697523,1991-2000
MAR,Morocco,Summer,0.4858547884863675,0.4582313505930847,10,3,1991,2000,1.0602827324178716,1991-2000
MDA,Moldova,Summer,0.353298017771702,0.18338029993845756,4,2,1991,2000,1.9265865411402907,1991-2000
MEX,Mexico,Summer,0.36281992860940226,0.7152888967020962,8,3,1991,2000,0.507235510410152,1991-2000
MKD,Macedonia,Summer,0.20779220779220775,0.5059760956175299,1,1,1991,2000,0.41067593823499327,1991-2000
MNG,Mongolia,Summer,0.31798245614035087,0.24046149175184695,3,2,1991,2000,1.3223841115836732,1991-2000
MOZ,Mozambique,Summer,0.22889610389610388,0.07223949729537138,2,2,1991,2000,3.168572767888987,1991-2000
MYS,Malaysia,Summer,0.3179824561403509,0.6835762237290423,3,2,1991,2000,0.46517483362088624,1991-2000
NAM,Namibia,Summer,0.3969298245614035,0.5853827210471275,4,2,1991,2000,0.6780689116538645,1991-2000
NGA,Nigeria,Summer,0.5201640464798359,0.3009555857242129,13,3,1991,2000,1.7283747873564954,1991-2000
NLD,Netherlands,Summer,0.7959482038429407,0.9377335534113139,59,3,1991,2000,0.8487999612975536,1991-2000
NOR,Norway,Summer,0.6635907951697425,0.9742750147740852,24,3,1991,2000,0.6811124016390956,1991-2000
NZL,New Zealand,Summer,0.5885926938558518,0.8226328904938219,20,3,1991,2000,0.7154986150657346,1991-2000
PAK,Pakistan,Summer,0.22807017543859653,0.18672199170124482,1,1,1991,2000,1.2214424951267058,1991-2000
PER,Peru,Summer,0.22807017543859653,0.5228215767634854,1,1,1991,2000,0.4362294625452522,1991-2000
PHL,Philippines,Summer,0.23903508771929827,0.39403906487197654,2,2,1991,2000,0.6066278930921757,1991-2000
POL,Poland,Summer,0.7991569833675096,0.643228119804962,50,3,1991,2000,1.2424161176439674,1991-2000
PRI,Puerto Rico,Summer,0.23903508771929827,0.7904901663124515,2,2,1991,2000,0.3023884393582912,1991-2000
PRT,Portugal,Summer,0.353298017771702,0.7848686554594629,4,2,1991,2000,0.4501364850210268,1991-2000
QAT,Qatar,Summer,0.21793119161540214,0.8975880709527038,2,2,1991,2000,0.24279644378973203,1991-2000
ROU,Romania,Summer,0.8222070327333485,0.46182744200026354,64,3,1991,2000,1.7803338605696786,1991-2000
RUS,Russian Federation,Summer,0.9803485987696514,0.5316052861723837,152,2,1991,2000,1.8441287629554415,1991-2000
RUS,Unified Team (ex USSR),Summer,1.0,0.6556016597510373,112,1,1991,2000,1.5253164556962024,1991-2000
SAU,Saudi Arabia,Summer,0.2987012987012987,0.7848605577689243,2,1,1991,2000,0.3805788120508933,1991-2000
SRB,Yugoslavia Federal Republic,Summer,0.4710355434039645,0.46806270851553133,7,2,1991,2000,1.006351360265084,1991-2000
SUR,Suriname,Summer,0.22807017543859653,0.3858921161825726,1,1,1991,2000,0.5910205621580835,1991-2000
SVK,Slovakia,Summer,0.5226418318523582,0.7123457389952386,8,2,1991,2000,0.7336912446328983,1991-2000
SVN,Slovenia,Summer,0.3641869826080352,0.7655435673895182,6,3,1991,2000,0.4757233920074627,1991-2000
SWE,Sweden,Summer,0.7072795625427205,0.9650350906643417,32,3,1991,2000,0.7329055382388435,1991-2000
SYR,Syria,Summer,0.25,0.3252032520325203,1,1,1991,2000,0.76875,1991-2000
THA,Thailand,Summer,0.3461874382927015,0.5680132084420809,6,3,1991,2000,0.6094707537562508,1991-2000
TON,Tonga,Summer,0.25,0.532520325203252,1,1,1991,2000,0.4694656488549619,1991-2000
TTO,Trinidad and Tobago,Summer,0.353298017771702,0.7040537038836524,4,2,1991,2000,0.5018054955507852,1991-2000
TUN,Tunisia,Summer,0.25,0.5203252032520325,1,1,1991,2000,0.48046875000000006,1991-2000
TUR,Turkey,Summer,0.595503911293385,0.6393834976190101,17,3,1991,2000,0.9313720380819529,1991-2000
UGA,Uganda,Summer,0.25,0.05691056910569103,1,1,1991,2000,4.392857142857145,1991-2000
UKR,Ukraine,Summer,0.8628673957621326,0.27781556700029153,46,2,1991,2000,3.1059000943645,1991-2000
URY,Uruguay,Summer,0.20779220779220775,0.7290836653386454,1,1,1991,2000,0.2850046128734653,1991-2000
USA,United States,Summer,0.9941520467836257,0.9579001628901412,302,3,1991,2000,1.0378451589193873,1991-2000
UZB,Uzbekistan,Summer,0.43771360218728644,0.2173663071292068,6,2,1991,2000,2.0137141214213155,1991-2000
VNM,Vietnam,Summer,0.20779220779220775,0.13545816733067728,1,1,1991,2000,1.5339954163483573,1991-2000
ZAF,South Africa,Summer,0.4990126832232096,0.6334619914118336,12,3,1991,2000,0.78775473507263,1991-2000
ZMB,Zambia,Summer,0.25,0.15040650406504064,1,1,1991,2000,1.6621621621621623,1991-2000
ARE,United Arab Emirates,Summer,0.12676056338028174,0.89453125,1,1,1995,2004,0.14170613198843723,1995-2004
ARG,Argentina,Summer,0.5059182848285887,0.6930019589663029,13,3,1995,2004,0.7300387513813491,1995-2004
ARM,Armenia,Summer,0.30784347231715653,0.20907427201762058,3,2,1995,2004,1.472412025384031,1995-2004
AUS,Australia,Summer,0.959713624650615,0.8778962739826602,149,3,1995,2004,1.0931970588014717,1995-2004
AUT,Austria,Summer,0.5030526059065719,0.9298367168183633,13,3,1995,2004,0.5410117677734589,1995-2004
AZE,Azerbaijan,Summer,0.38185171635875864,0.2395850625276671,9,3,1995,2004,1.5938043562906294,1995-2004
BDI,Burundi,Summer,0.25,0.05,1,1,1995,2004,5.0,1995-2004
BEL,Belgium,Summer,0.5046547225939368,0.911187271577646,14,3,1995,2004,0.5538430335184211,1995-2004
BGR,Bulgaria,Summer,0.7673954412279098,0.4787783992755266,40,3,1995,2004,1.6028196810656246,1995-2004
BHS,Bahamas,Summer,0.29264983842448633,0.8521716825111478,6,3,1995,2004,0.3434165256021142,1995-2004
BLR,Belarus,Summer,0.7894062942246781,0.42750116573003377,45,3,1995,2004,1.8465593956372666,1995-2004
BRA,Brazil,Summer,0.7493477612083987,0.6251845176880554,37,3,1995,2004,1.1986025565372307,1995-2004
BRB,Barbados,Summer,0.20779220779220775,0.7808764940239044,1,1,1995,2004,0.2661012456930824,1995-2004
CAN,Canada,Summer,0.8023692393596026,0.8883616533189734,48,3,1995,2004,0.9032011190058712,1995-2004
CHE,Switzerland,Summer,0.6130547238775557,0.9788522485262203,21,3,1995,2004,0.6262995511330574,1995-2004
CHL,Chile,Summer,0.2658679348820194,0.684581984561753,4,2,1995,2004,0.3883653687618136,1995-2004
CHN,China,Summer,0.9687944252436469,0.3191566812020212,171,3,1995,2004,3.0354822013906557,1995-2004
CMR,Cameroon,Summer,0.16727638558624475,0.29963738794820716,2,2,1995,2004,0.5582627279315315,1995-2004
COL,Colombia,Summer,0.21657216023413206,0.5348216508964143,3,2,1995,2004,0.4049427689981054,1995-2004
CRI,Costa Rica,Summer,0.27435064935064934,0.6116509571470217,3,2,1995,2004,0.44854119190841724,1995-2004
CUB,Cuba,Summer,0.8876608935912124,0.5564794936109222,81,3,1995,2004,1.59513675487177,1995-2004
CZE,Czech Republic,Summer,0.6873594036307157,0.7344071377093253,28,3,1995,2004,0.9359378038925993,1995-2004
DEU,Germany,Summer,0.9595186750486974,0.9220522635069478,170,3,1995,2004,1.0406337178754372,1995-2004
DNK,Denmark,Summer,0.6346467962479823,0.9615578168356386,20,3,1995,2004,0.6600193822317644,1995-2004
DOM,Dominican Republic,Summer,0.12676056338028174,0.4609375,1,1,1995,2004,0.2750059680114587,1995-2004
DZA,Algeria,Summer,0.5226418318523582,0.4766867489392025,8,2,1995,2004,1.0964052032397003,1995-2004
ECU,Ecuador,Summer,0.25,0.524390243902439,1,1,1995,2004,0.4767441860465116,1995-2004
EGY,Egypt,Summer,0.49295774647887325,0.26953125,5,1,1995,2004,1.8289446825882834,1995-2004
ERI,Eritrea,Summer,0.12676056338028174,0.08203125,1,1,1995,2004,1.5452716297786726,1995-2004
ESP,Spain,Summer,0.7823255321402097,0.8233018974238547,48,3,1995,2004,0.9502292349721752,1995-2004
EST,Estonia,Summer,0.3632705322846168,0.6741938496015936,6,2,1995,2004,0.5388220798799737,1995-2004
ETH,Ethiopia,Summer,0.5896326924866584,0.05000000000000001,18,3,1995,2004,11.792653849733165,1995-2004
FIN,Finland,Summer,0.4107860881396834,0.9189706705022728,10,3,1995,2004,0.44700674496517295,1995-2004
FRA,France,Summer,0.9282561397090677,0.9019419442824906,108,3,1995,2004,1.029175043464145,1995-2004
GBR,Great Britain,Summer,0.8576338413254647,0.9280810362884505,73,3,1995,2004,0.924093702803458,1995-2004
GEO,Georgia,Summer,0.4708835148049381,0.28626635058681266,12,3,1995,2004,1.6449139545730114,1995-2004
GRC,Greece,Summer,0.7460833582034473,0.7955129853215862,37,3,1995,2004,0.9378644622649912,1995-2004
HKG,"Hong Kong, British",Summer,0.25,0.9105691056910569,1,1,1995,2004,0.27455357142857145,1995-2004
HKG,"Hong Kong, China",Summer,0.12676056338028174,0.83984375,1,1,1995,2004,0.1509335080248936,1995-2004
HRV,Croatia,Summer,0.39985126067409243,0.7131794637169481,9,3,1995,2004,0.5606600877009946,1995-2004
HUN,Hungary,Summer,0.8207257901475841,0.6956473732441508,55,3,1995,2004,1.1798014651016795,1995-2004
IDN,Indonesia,Summer,0.5147431639277451,0.3271803537880996,14,3,1995,2004,1.5732703934329801,1995-2004
IND,India,Summer,0.19485092372416316,0.165915141939019,3,3,1995,2004,1.1744010911058336,1995-2004
IRL,Ireland,Summer,0.37363294600136704,0.9010948077608266,5,2,1995,2004,0.4146433236363056,1995-2004
IRN,Iran,Summer,0.5059182848285887,0.486080660420648,13,3,1995,2004,1.0408113838365292,1995-2004
ISL,Iceland,Summer,0.20779220779220775,0.9561752988047809,1,1,1995,2004,0.21731601731601727,1995-2004
ISR,Israel,Summer,0.22771477348942137,0.8411214137353027,4,3,1995,2004,0.27072759029896987,1995-2004
ITA,Italy,Summer,0.9148463347870316,0.8766232917247002,101,3,1995,2004,1.0436025866790855,1995-2004
JAM,Jamaica,Summer,0.6042827940529941,0.5844552430521816,20,3,1995,2004,1.0339248406726027,1995-2004
JPN,Japan,Summer,0.8325294670735738,0.9631473260076228,69,3,1995,2004,0.8643843414117361,1995-2004
KAZ,Kazakhstan,Summer,0.6740065592919559,0.4270279569391809,26,3,1995,2004,1.5783663536295136,1995-2004
KEN,Kenya,Summer,0.651150122425141,0.14638600071259678,22,3,1995,2004,4.448172087873075,1995-2004
KGZ,Kyrgyzstan,Summer,0.20779220779220775,0.05976095617529875,1,1,1995,2004,3.4770562770562794,1995-2004
KOR,Korea Republic,Summer,0.8971075255359912,0.7943935217800883,85,3,1995,2004,1.129298642221729,1995-2004
KWT,Kuwait,Summer,0.20779220779220775,0.8406374501992032,1,1,1995,2004,0.2471840955253277,1995-2004
LKA,Sri Lanka,Summer,0.20779220779220775,0.31474103585657376,1,1,1995,2004,0.660200558934736,1995-2004
LTU,Lithuania,Summer,0.3774617401377965,0.6114295359213552,9,3,1995,2004,0.617342993692649,1995-2004
LVA,Latvia,Summer,0.3489878665935004,0.6062481948898174,8,3,1995,2004,0.5756518032304033,1995-2004
MAR,Morocco,Summer,0.43009331908516496,0.43979687618091323,10,3,1995,2004,0.9779362755369898,1995-2004
MDA,Moldova,Summer,0.353298017771702,0.18338029993845756,4,2,1995,2004,1.9265865411402907,1995-2004
MEX,Mexico,Summer,0.41825193585756965,0.7104641646827324,11,3,1995,2004,0.5887023676195489,1995-2004
MKD,Macedonia,Summer,0.20779220779220775,0.5059760956175299,1,1,1995,2004,0.41067593823499327,1995-2004
MNG,Mongolia,Summer,0.18838028169014087,0.2171779725609756,2,2,1995,2004,0.8674004986267685,1995-2004
MOZ,Mozambique,Summer,0.22889610389610388,0.07223949729537138,2,2,1995,2004,3.168572767888987,1995-2004
MYS,Malaysia,Summer,0.4078947368421053,0.7032520325203252,2,1,1995,2004,0.5800121691512018,1995-2004
NAM,Namibia,Summer,0.4078947368421053,0.5691056910569106,2,1,1995,2004,0.7167293233082708,1995-2004
NGA,Nigeria,Summer,0.41984282088062663,0.3108211631792613,11,3,1995,2004,1.3507536507045654,1995-2004
NLD,Netherlands,Summer,0.8437202160330403,0.938949191378119,66,3,1995,2004,0.89857920298615,1995-2004
NOR,Norway,Summer,0.6408579066103158,0.9760633532941405,23,3,1995,2004,0.656574088605487,1995-2004
NZL,New Zealand,Summer,0.5306897204599207,0.83140709519645,15,3,1995,2004,0.6383030930648073,1995-2004
PHL,Philippines,Summer,0.25,0.41463414634146345,1,1,1995,2004,0.6029411764705882,1995-2004
POL,Poland,Summer,0.7754357083489775,0.6665521602613934,41,3,1995,2004,1.1633533796438145,1995-2004
PRI,Puerto Rico,Summer,0.25,0.7967479674796748,1,1,1995,2004,0.3137755102040816,1995-2004
PRT,Portugal,Summer,0.3435132325050783,0.7836624369729753,7,3,1995,2004,0.4383433686472896,1995-2004
PRY,Paraguay,Summer,0.12676056338028174,0.3984375,1,1,1995,2004,0.31814415907207966,1995-2004
QAT,Qatar,Summer,0.20779220779220775,0.9362549800796813,1,1,1995,2004,0.22193976236529422,1995-2004
ROU,Romania,Summer,0.8383506782320719,0.49880985036817505,65,3,1995,2004,1.6807019300306105,1995-2004
RUS,Russian Federation,Summer,0.9822042301656831,0.5458097741149225,242,3,1995,2004,1.7995358030339632,1995-2004
SAU,Saudi Arabia,Summer,0.2987012987012987,0.7848605577689243,2,1,1995,2004,0.3805788120508933,1995-2004
SRB,Serbia and Montenegro,Summer,0.22535211267605637,0.5546875,2,1,1995,2004,0.406268597500496,1995-2004
SRB,Yugoslavia Federal Republic,Summer,0.4710355434039645,0.46806270851553133,7,2,1995,2004,1.006351360265084,1995-2004
SVK,Slovakia,Summer,0.5362213151316191,0.7183867426634923,14,3,1995,2004,0.7464242911047101,1995-2004
SVN,Slovenia,Summer,0.3669874109088342,0.7716271600589512,8,3,1995,2004,0.47560198746865895,1995-2004
SWE,Sweden,Summer,0.6857821570571757,0.9562446774554898,27,3,1995,2004,0.7171618030669736,1995-2004
SYR,Syria,Summer,0.18838028169014087,0.33252350101626016,2,2,1995,2004,0.5665171968730391,1995-2004
THA,Thailand,Summer,0.4908213234751411,0.5399022558141419,13,3,1995,2004,0.9090929296730026,1995-2004
TON,Tonga,Summer,0.25,0.532520325203252,1,1,1995,2004,0.4694656488549619,1995-2004
TTO,Trinidad and Tobago,Summer,0.27778553297456193,0.7102545525891015,5,3,1995,2004,0.3911070079902286,1995-2004
TUN,Tunisia,Summer,0.25,0.5203252032520325,1,1,1995,2004,0.48046875000000006,1995-2004
TUR,Turkey,Summer,0.6361101216549697,0.6519667012842937,21,3,1995,2004,0.9756788504718286,1995-2004
UGA,Uganda,Summer,0.25,0.05691056910569103,1,1,1995,2004,4.392857142857145,1995-2004
UKR,Ukraine,Summer,0.8569350713531588,0.30109579466686104,68,3,1995,2004,2.846054599670814,1995-2004
URY,Uruguay,Summer,0.20779220779220775,0.7290836653386454,1,1,1995,2004,0.2850046128734653,1995-2004
USA,United States,Summer,1.0,0.9588726732635853,295,3,1995,2004,1.0428913325858324,1995-2004
UZB,Uzbekistan,Summer,0.4561283169511487,0.1839733714194712,11,3,1995,2004,2.479317052418127,1995-2004
VEN,Venezuela,Summer,0.22535211267605637,0.59375,2,1,1995,2004,0.379540400296516,1995-2004
VNM,Vietnam,Summer,0.20779220779220775,0.13545816733067728,1,1,1995,2004,1.5339954163483573,1995-2004
ZAF,South Africa,Summer,0.5581511396930225,0.6174858071103121,16,3,1995,2004,0.9039092611780637,1995-2004
ZMB,Zambia,Summer,0.25,0.15040650406504064,1,1,1995,2004,1.6621621621621623,1995-2004
ZWE,Zimbabwe,Summer,0.323943661971831,0.12890625,3,1,1995,2004,2.513017498932992,1995-2004
AFG,Afghanistan,Summer,0.20238095238095233,0.05,1,1,1999,2008,4.047619047619047,1999-2008
ARE,United Arab Emirates,Summer,0.12676056338028174,0.89453125,1,1,1999,2008,0.14170613198843723,1999-2008
ARG,Argentina,Summer,0.5579232973599171,0.6529187674367131,16,3,1999,2008,0.8545064488653961,1999-2008
ARM,Armenia,Summer,0.3955627705627705,0.32672411130671114,6,2,1999,2008,1.2106935389027267,1999-2008
AUS,Australia,Summer,0.961384468426722,0.8899968601048004,154,3,1999,2008,1.0802110788497787,1999-2008
AUT,Austria,Summer,0.48362904700932874,0.9227780415804482,13,3,1999,2008,0.5241011654124474,1999-2008
AZE,Azerbaijan,Summer,0.5128040973111395,0.36103209095143973,14,3,1999,2008,1.4203837004066038,1999-2008
BEL,Belgium,Summer,0.40523951791557433,0.9018597364418296,10,3,1999,2008,0.449337631497326,1999-2008
BGR,Bulgaria,Summer,0.698681990935512,0.5248803719231601,30,3,1999,2008,1.3311261542807236,1999-2008
BHS,Bahamas,Summer,0.3204276162022641,0.8593248935781421,7,3,1999,2008,0.37288296731174153,1999-2008
BLR,Belarus,Summer,0.7921214153608519,0.4686242513794949,44,3,1999,2008,1.6903124689536968,1999-2008
BRA,Brazil,Summer,0.7639676442493344,0.597359471995738,39,3,1999,2008,1.2789077265268258,1999-2008
BRB,Barbados,Summer,0.20779220779220775,0.7808764940239044,1,1,1999,2008,0.2661012456930824,1999-2008
CAN,Canada,Summer,0.798609840863362,0.896775342107024,46,3,1999,2008,0.890535012913026,1999-2008
CHE,Switzerland,Summer,0.6278834623905046,0.9725813718639653,21,3,1999,2008,0.6455845038314455,1999-2008
CHL,Chile,Summer,0.2447056073816637,0.6786102119300575,5,3,1999,2008,0.3605981800446068,1999-2008
CHN,China,Summer,0.977984066012235,0.3760987622507386,221,3,1999,2008,2.600338432808321,1999-2008
CMR,Cameroon,Summer,0.17897790785114728,0.2759856488130166,3,3,1999,2008,0.6485044009386401,1999-2008
COL,Colombia,Summer,0.2872385830132309,0.5322583615795217,6,3,1999,2008,0.5396600668908725,1999-2008
CRI,Costa Rica,Summer,0.2987012987012987,0.6135458167330677,2,1,1999,2008,0.48684432450666215,1999-2008
CUB,Cuba,Summer,0.8910025811434261,0.5389273413452135,86,3,1999,2008,1.6532888810565811,1999-2008
CZE,Czech Republic,Summer,0.6802583175822612,0.7435456011869833,24,3,1999,2008,0.9148844623602219,1999-2008
DEU,Germany,Summer,0.9400951161514541,0.8993636645279347,146,3,1999,2008,1.0452891897127052,1999-2008
DNK,Denmark,Summer,0.6582474645854927,0.9581230150457601,21,3,1999,2008,0.6870176942300615,1999-2008
DOM,Dominican Republic,Summer,0.23004694835680756,0.48046875,3,2,1999,2008,0.47879690064506286,1999-2008
DZA,Algeria,Summer,0.44588744588744594,0.5028259056796072,7,2,1999,2008,0.8867630741594258,1999-2008
ECU,Ecuador,Summer,0.20238095238095233,0.4496124031007752,1,1,1999,2008,0.4501231527093595,1999-2008
EGY,Egypt,Summer,0.4131455399061033,0.27623849321705424,7,2,1999,2008,1.4956117632073618,1999-2008
ERI,Eritrea,Summer,0.12676056338028174,0.08203125,1,1,1999,2008,1.5452716297786726,1999-2008
ESP,Spain,Summer,0.7921417393248379,0.8273039141882084,50,3,1999,2008,0.9574978744082537,1999-2008
EST,Estonia,Summer,0.35329146596752237,0.6949406025767729,8,3,1999,2008,0.5083764924046049,1999-2008
ETH,Ethiopia,Summer,0.6614789748592566,0.05000000000000001,22,3,1999,2008,13.229579497185128,1999-2008
FIN,Finland,Summer,0.3936599394345874,0.9240440933295243,10,3,1999,2008,0.42601856586318104,1999-2008
FRA,France,Summer,0.9303446944292014,0.8888014640404789,114,3,1999,2008,1.0467407312763275,1999-2008
GBR,Great Britain,Summer,0.9159045180171942,0.9269466063394999,109,3,1999,2008,0.9880876759817798,1999-2008
GEO,Georgia,Summer,0.5690455866512204,0.3419794658575002,17,3,1999,2008,1.6639758917230913,1999-2008
GRC,Greece,Summer,0.6564843607097128,0.8023510769583165,32,3,1999,2008,0.8182008843291155,1999-2008
HKG,"Hong Kong, China",Summer,0.12676056338028174,0.83984375,1,1,1999,2008,0.1509335080248936,1999-2008
HRV,Croatia,Summer,0.45833079283783507,0.7122971293122085,12,3,1999,2008,0.6434544995013495,1999-2008
HUN,Hungary,Summer,0.7896063248175924,0.7043131575764127,44,3,1999,2008,1.1211011981299328,1999-2008
IDN,Indonesia,Summer,0.5492043168099506,0.304523266752113,16,3,1999,2008,1.8034888521572707,1999-2008
IND,India,Summer,0.2543747332479727,0.16210219683282376,5,3,1999,2008,1.5692244659109078,1999-2008
IRL,Ireland,Summer,0.3181818181818182,0.9448176287099663,4,2,1999,2008,0.3367653275227906,1999-2008
IRN,Iran,Summer,0.4547486941853139,0.4926036326271143,12,3,1999,2008,0.9231533510219657,1999-2008
ISL,Iceland,Summer,0.20508658008658004,0.952893850952778,2,2,1999,2008,0.21522500106545803,1999-2008
ISR,Israel,Summer,0.21184175761640547,0.8238213570138052,4,3,1999,2008,0.25714526069619187,1999-2008
ITA,Italy,Summer,0.9054478385464302,0.8678629715633589,93,3,1999,2008,1.0433073747983121,1999-2008
JAM,Jamaica,Summer,0.6556612401682824,0.5585839378275014,25,3,1999,2008,1.1737917898576595,1999-2008
JPN,Japan,Summer,0.8805662256366481,0.9247027555154061,80,3,1999,2008,0.9522694945856872,1999-2008
KAZ,Kazakhstan,Summer,0.6827784891165173,0.4956609688506954,24,3,1999,2008,1.3775111054229208,1999-2008
KEN,Kenya,Summer,0.6925035058837876,0.13469506984979976,30,3,1999,2008,5.141268397247259,1999-2008
KGZ,Kyrgyzstan,Summer,0.3181818181818182,0.10352388894036257,4,2,1999,2008,3.073511065307008,1999-2008
KOR,Korea Republic,Summer,0.9000315021441782,0.7766207859131947,90,3,1999,2008,1.1589073051732321,1999-2008
KWT,Kuwait,Summer,0.20779220779220775,0.8406374501992032,1,1,1999,2008,0.2471840955253277,1999-2008
LKA,Sri Lanka,Summer,0.20779220779220775,0.31474103585657376,1,1,1999,2008,0.660200558934736,1999-2008
LTU,Lithuania,Summer,0.4885728512489076,0.6608717745297877,13,3,1999,2008,0.7392853955618375,1999-2008
LVA,Latvia,Summer,0.40851167611731,0.6556274096121971,10,3,1999,2008,0.6230851092069872,1999-2008
MAR,Morocco,Summer,0.40523951791557433,0.4185263146380885,10,3,1999,2008,0.9682533779650065,1999-2008
MDA,Moldova,Summer,0.2505411255411255,0.23079001822168688,3,2,1999,2008,1.0855804227220371,1999-2008
MEX,Mexico,Summer,0.49761701522264906,0.6983950905036186,14,3,1999,2008,0.7125150534260103,1999-2008
MKD,Macedonia,Summer,0.20779220779220775,0.5059760956175299,1,1,1999,2008,0.41067593823499327,1999-2008
MNG,Mongolia,Summer,0.30742790073775994,0.2643986191860465,5,2,1999,2008,1.1627439722801105,1999-2008
MOZ,Mozambique,Summer,0.20779220779220775,0.0916334661354582,1,1,1999,2008,2.2676453980801794,1999-2008
MUS,Mauritius,Summer,0.20238095238095233,0.6162790697674418,1,1,1999,2008,0.3283917340521113,1999-2008
MYS,Malaysia,Summer,0.20238095238095233,0.6201550387596899,1,1,1999,2008,0.3263392857142856,1999-2008
NGA,Nigeria,Summer,0.4037609495355974,0.260937757368459,10,3,1999,2008,1.547345825332069,1999-2008
NLD,Netherlands,Summer,0.8412139503688799,0.9410604915608882,63,3,1999,2008,0.8938999755197479,1999-2008
NOR,Norway,Summer,0.6715596609962807,0.9790254759386228,25,3,1999,2008,0.6859470744133959,1999-2008
NZL,New Zealand,Summer,0.5701634046704469,0.8194640687894417,18,3,1999,2008,0.6957759667397306,1999-2008
PAN,Panama,Summer,0.20238095238095233,0.5852713178294573,1,1,1999,2008,0.34578997161778613,1999-2008
POL,Poland,Summer,0.7654106456923357,0.6808900943384087,35,3,1999,2008,1.1241324437772178,1999-2008
PRT,Portugal,Summer,0.3186594313354877,0.7777066797409843,7,3,1999,2008,0.4097424384237222,1999-2008
PRY,Paraguay,Summer,0.12676056338028174,0.3984375,1,1,1999,2008,0.31814415907207966,1999-2008
QAT,Qatar,Summer,0.20779220779220775,0.9362549800796813,1,1,1999,2008,0.22193976236529422,1999-2008
ROU,Romania,Summer,0.807648923846107,0.5599745317824311,54,3,1999,2008,1.4422958152673733,1999-2008
RUS,Russian Federation,Summer,0.9830396520537366,0.584727023752535,239,3,1999,2008,1.6811941506397234,1999-2008
SAU,Saudi Arabia,Summer,0.2987012987012987,0.7848605577689243,2,1,1999,2008,0.3805788120508933,1999-2008
SDN,Sudan,Summer,0.20238095238095233,0.24031007751937983,1,1,1999,2008,0.8421658986175113,1999-2008
SGP,Singapore,Summer,0.20238095238095233,0.8682170542635659,1,1,1999,2008,0.2330994897959183,1999-2008
SRB,Serbia,Summer,0.4285714285714286,0.5930232558139534,3,1,1999,2008,0.7226890756302522,1999-2008
SRB,Serbia and Montenegro,Summer,0.22535211267605637,0.5546875,2,1,1999,2008,0.406268597500496,1999-2008
SRB,Yugoslavia Federal Republic,Summer,0.4025974025974026,0.3426294820717131,3,1,1999,2008,1.175022651766838,1999-2008
SVK,Slovakia,Summer,0.5882263276629475,0.7266113597933845,17,3,1999,2008,0.8095473869693043,1999-2008
SVN,Slovenia,Summer,0.4254669430725769,0.7776144292339685,11,3,1999,2008,0.5471438377136421,1999-2008
SWE,Sweden,Summer,0.6477704611507429,0.948996930559416,24,3,1999,2008,0.682584358591017,1999-2008
SYR,Syria,Summer,0.12676056338028174,0.33984375,1,1,1999,2008,0.37299660029140375,1999-2008
TGO,Togo,Summer,0.20238095238095233,0.0968992248062015,1,1,1999,2008,2.088571428571429,1999-2008
THA,Thailand,Summer,0.5691421254801536,0.4957540236341456,17,3,1999,2008,1.1480332954396082,1999-2008
TJK,Tajikistan,Summer,0.33333333333333337,0.0852713178294574,2,1,1999,2008,3.909090909090908,1999-2008
TTO,Trinidad and Tobago,Summer,0.25293173180497125,0.7331952471123259,5,3,1999,2008,0.34497186499931304,1999-2008
TUN,Tunisia,Summer,0.20238095238095233,0.4612403100775194,1,1,1999,2008,0.43877551020408145,1999-2008
TUR,Turkey,Summer,0.6200282503099405,0.660033758699054,20,3,1999,2008,0.9393886935905134,1999-2008
UKR,Ukraine,Summer,0.8527579619128914,0.3521136304266139,67,3,1999,2008,2.421826047687239,1999-2008
URY,Uruguay,Summer,0.20779220779220775,0.7290836653386454,1,1,1999,2008,0.2850046128734653,1999-2008
USA,United States,Summer,1.0,0.943999036155121,306,3,1999,2008,1.0593231154906355,1999-2008
UZB,Uzbekistan,Summer,0.48286181736885964,0.16629517138165684,13,3,1999,2008,2.9036430424108013,1999-2008
VEN,Venezuela,Summer,0.21386653252850435,0.6360222868217054,3,2,1999,2008,0.33625634975344354,1999-2008
VNM,Vietnam,Summer,0.20508658008658004,0.16075233947929213,2,2,1999,2008,1.2757921953166906,1999-2008
WSM,Samoa,Summer,0.20238095238095233,0.4108527131782945,1,1,1999,2008,0.49258760107816707,1999-2008
ZAF,South Africa,Summer,0.44140093083755055,0.5896292494749683,12,3,1999,2008,0.748607588973229,1999-2008
ZWE,Zimbabwe,Summer,0.40601945003353457,0.089453125,7,2,1999,2008,4.538907389021173,1999-2008
AFG,Afghanistan,Summer,0.21564830751577735,0.05,2,2,2003,2012,4.312966150315547,2003-2012
ARE,United Arab Emirates,Summer,0.12676056338028174,0.89453125,1,1,2003,2012,0.14170613198843723,2003-2012
ARG,Argentina,Summer,0.5787859688249982,0.6298450391837019,16,3,2003,2012,0.9189339167855036,2003-2012
ARM,Armenia,Summer,0.46034136546184734,0.38885397024931906,7,2,2003,2012,1.1838412377960117,2003-2012
AUS,Australia,Summer,0.9459460915425618,0.9196235271816667,131,3,2003,2012,1.0286231958870873,2003-2012
AUT,Austria,Summer,0.5241448692152918,0.9279917635658914,10,2,2003,2012,0.5648162944908242,2003-2012
AZE,Azerbaijan,Summer,0.6115366900196358,0.4548088500668443,20,3,2003,2012,1.3446015615785771,2003-2012
BEL,Belgium,Summer,0.35965458076437207,0.9004342927853103,8,3,2003,2012,0.39942346004154705,2003-2012
BGR,Bulgaria,Summer,0.5838329845202406,0.5536661297925832,20,3,2003,2012,1.0544856423472366,2003-2012
BHS,Bahamas,Summer,0.26253370288666406,0.8241502767302186,5,3,2003,2012,0.31855076713467284,2003-2012
BLR,Belarus,Summer,0.7563419337982379,0.5082392790423315,37,3,2003,2012,1.4881611181713523,2003-2012
BRA,Brazil,Summer,0.7903067669739993,0.6168644636122834,44,3,2003,2012,1.2811676042190188,2003-2012
BRN,Bahrain,Summer,0.22891566265060237,0.8957528957528957,1,1,2003,2012,0.25555670959700866,2003-2012
BWA,Botswana,Summer,0.22891566265060237,0.5135135135135135,1,1,2003,2012,0.4457831325301204,2003-2012
CAN,Canada,Summer,0.8156650747860659,0.9080558314751629,50,3,2003,2012,0.8982543215002479,2003-2012
CHE,Switzerland,Summer,0.5751530602625121,0.9728274916319974,16,3,2003,2012,0.5912179345360049,2003-2012
CHL,Chile,Summer,0.26316230717639166,0.6673177083333334,4,2,2003,2012,0.3943583451931098,2003-2012
CHN,China,Summer,0.9826260104132155,0.4292811421263456,255,3,2003,2012,2.28900343850653,2003-2012
CMR,Cameroon,Summer,0.18601905947061215,0.2447592032439416,3,3,2003,2012,0.7600084368848614,2003-2012
COL,Colombia,Summer,0.45090624065679225,0.5315815322174334,14,3,2003,2012,0.8482353380033479,2003-2012
CUB,Cuba,Summer,0.8570485833340067,0.5123874263590834,72,3,2003,2012,1.672657327725648,2003-2012
CYP,Cyprus,Summer,0.22891566265060237,0.8185328185328186,1,1,2003,2012,0.27966583314389626,2003-2012
CZE,Czech Republic,Summer,0.7084750807387833,0.7528930248770366,27,3,2003,2012,0.941003645045712,2003-2012
DEU,Germany,Summer,0.941346876439359,0.8926671558393942,134,3,2003,2012,1.0545328908782245,2003-2012
DNK,Denmark,Summer,0.6877159880299198,0.9586152545818244,24,3,2003,2012,0.7174056377080306,2003-2012
DOM,Dominican Republic,Summer,0.2658144314346588,0.4786136583011584,5,3,2003,2012,0.5553841325343044,2003-2012
DZA,Algeria,Summer,0.28112449799196787,0.4951961928706115,3,2,2003,2012,0.5677032700156929,2003-2012
ECU,Ecuador,Summer,0.20238095238095233,0.4496124031007752,1,1,2003,2012,0.4501231527093595,2003-2012
EGY,Egypt,Summer,0.4521371872466391,0.2845450958641365,11,3,2003,2012,1.5889825332379786,2003-2012
ERI,Eritrea,Summer,0.12676056338028174,0.08203125,1,1,2003,2012,1.5452716297786726,2003-2012
ESP,Spain,Summer,0.847219191992652,0.8266988697584626,59,3,2003,2012,1.0248220034946762,2003-2012
EST,Estonia,Summer,0.33154213096517526,0.7282744486596231,7,3,2003,2012,0.4552433928931229,2003-2012
ETH,Ethiopia,Summer,0.661583288216582,0.05000000000000001,22,3,2003,2012,13.231665764331638,2003-2012
FIN,Finland,Summer,0.37837803258641545,0.9211265485793102,9,3,2003,2012,0.4107774693607548,2003-2012
FRA,France,Summer,0.9278933305320544,0.884925077693973,111,3,2003,2012,1.0485558087584683,2003-2012
GAB,Gabon,Summer,0.22891566265060237,0.5868725868725868,1,1,2003,2012,0.3900602409638554,2003-2012
GBR,Great Britain,Summer,0.9425044241351724,0.9056828838805583,146,3,2003,2012,1.040656107021528,2003-2012
GEO,Georgia,Summer,0.5704016602964507,0.38403005372482113,17,3,2003,2012,1.4853047431156916,2003-2012
GRC,Greece,Summer,0.5135229044952445,0.7995412096066166,21,3,2003,2012,0.6422719658789116,2003-2012
GRD,Grenada,Summer,0.22891566265060237,0.5250965250965252,1,1,2003,2012,0.4359496810772501,2003-2012
GTM,Guatemala,Summer,0.22891566265060237,0.3204633204633205,1,1,2003,2012,0.7143271882711567,2003-2012
HKG,"Hong Kong, China",Summer,0.17783811301544206,0.8407712958494209,2,2,2003,2012,0.2115178216637075,2003-2012
HRV,Croatia,Summer,0.5635829703791693,0.7102666412259436,16,3,2003,2012,0.7934808389795789,2003-2012
HUN,Hungary,Summer,0.7980035500822876,0.7064308130805225,45,3,2003,2012,1.1296273255726845,2003-2012
IDN,Indonesia,Summer,0.4863033623427311,0.32589979410473596,13,3,2003,2012,1.4921867737861947,2003-2012
IND,India,Summer,0.3899299410923372,0.17075740867528658,10,3,2003,2012,2.2835316143373348,2003-2012
IRL,Ireland,Summer,0.5215146299483648,0.9362111280715932,9,2,2003,2012,0.5570480998474994,2003-2012
IRN,Iran,Summer,0.5639647793050134,0.5250863145121866,21,3,2003,2012,1.0740420455043578,2003-2012
ISL,Iceland,Summer,0.20238095238095233,0.9496124031007752,1,1,2003,2012,0.21311953352769672,2003-2012
ISR,Israel,Summer,0.21386653252850435,0.8034611191860466,3,2,2003,2012,0.2661815580387558,2003-2012
ITA,Italy,Summer,0.895277286207203,0.8616587024108826,87,3,2003,2012,1.0390161251807208,2003-2012
JAM,Jamaica,Summer,0.6912842516949084,0.5021968734723096,29,3,2003,2012,1.3765204209958604,2003-2012
JPN,Japan,Summer,0.916762960628564,0.9017418321560763,100,3,2003,2012,1.0166579035560233,2003-2012
KAZ,Kazakhstan,Summer,0.7196532609310481,0.5870021677616154,28,3,2003,2012,1.2259805848337224,2003-2012
KEN,Kenya,Summer,0.7454425347264308,0.1396533576766135,36,3,2003,2012,5.337806030074875,2003-2012
KGZ,Kyrgyzstan,Summer,0.4285714285714286,0.1472868217054264,3,1,2003,2012,2.909774436090225,2003-2012
KOR,Korea Republic,Summer,0.902535022719988,0.7774668226158052,93,3,2003,2012,1.1608662858221883,2003-2012
KWT,Kuwait,Summer,0.22891566265060237,0.9343629343629344,1,1,2003,2012,0.24499651498556205,2003-2012
LTU,Lithuania,Summer,0.4871646209250146,0.6959438414743646,13,3,2003,2012,0.7000056497273559,2003-2012
LVA,Latvia,Summer,0.3867623411149628,0.6881664939441102,9,3,2003,2012,0.5620185587622839,2003-2012
MAR,Morocco,Summer,0.29539755265192225,0.376650061606457,6,3,2003,2012,0.784275864424439,2003-2012
MDA,Moldova,Summer,0.20238095238095233,0.3062015503875969,1,1,2003,2012,0.6609403254972874,2003-2012
MEX,Mexico,Summer,0.5150373458959918,0.6624923693419333,16,3,2003,2012,0.7774238160774418,2003-2012
MNE,Montenegro,Summer,0.22891566265060237,0.5096525096525096,1,1,2003,2012,0.44916027747353043,2003-2012
MNG,Mongolia,Summer,0.3896908896484665,0.31011387997216483,10,3,2003,2012,1.256605765867185,2003-2012
MUS,Mauritius,Summer,0.20238095238095233,0.6162790697674418,1,1,2003,2012,0.3283917340521113,2003-2012
MYS,Malaysia,Summer,0.2698651749856569,0.6228188321211577,3,2,2003,2012,0.4332964275768072,2003-2012
NGA,Nigeria,Summer,0.4043427230046948,0.28782097868217055,7,2,2003,2012,1.4048410399270954,2003-2012
NLD,Netherlands,Summer,0.8486723554176464,0.9392248482909821,58,3,2003,2012,0.9035880566425544,2003-2012
NOR,Norway,Summer,0.6145002545392839,0.9831736195289974,19,3,2003,2012,0.6250170288678704,2003-2012
NZL,New Zealand,Summer,0.6793794897901465,0.840861106122734,27,3,2003,2012,0.8079568490482455,2003-2012
PAN,Panama,Summer,0.20238095238095233,0.5852713178294573,1,1,2003,2012,0.34578997161778613,2003-2012
POL,Poland,Summer,0.7503373655588147,0.6856227723778595,32,3,2003,2012,1.0943880451294137,2003-2012
PRI,Puerto Rico,Summer,0.3373493975903614,0.7992277992277992,2,1,2003,2012,0.42209417379663583,2003-2012
PRT,Portugal,Summer,0.29539755265192225,0.7723638297766205,6,3,2003,2012,0.3824590707948555,2003-2012
PRY,Paraguay,Summer,0.12676056338028174,0.3984375,1,1,2003,2012,0.31814415907207966,2003-2012
QAT,Qatar,Summer,0.3373493975903614,0.9884169884169884,2,1,2003,2012,0.34130271084337344,2003-2012
ROU,Romania,Summer,0.7264409751682788,0.5949901962801672,35,3,2003,2012,1.2209293190206016,2003-2012
RUS,Russian Federation,Summer,0.9753204636116566,0.6594756483019565,214,3,2003,2012,1.478933249655161,2003-2012
SAU,Saudi Arabia,Summer,0.22891566265060237,0.8146718146718147,1,1,2003,2012,0.2809912636327299,2003-2012
SDN,Sudan,Summer,0.20238095238095233,0.24031007751937983,1,1,2003,2012,0.8421658986175113,2003-2012
SGP,Singapore,Summer,0.2698651749856569,0.9070815001047559,3,2,2003,2012,0.2975092921137638,2003-2012
SRB,Serbia,Summer,0.4793459552495697,0.5416853730807218,7,2,2003,2012,0.88491581842683,2003-2012
SRB,Serbia and Montenegro,Summer,0.22535211267605637,0.5546875,2,1,2003,2012,0.406268597500496,2003-2012
SVK,Slovakia,Summer,0.5787859688249982,0.7347948420804525,16,3,2003,2012,0.7876837665140103,2003-2012
SVN,Slovenia,Summer,0.5026066708147142,0.7800756269142898,13,3,2003,2012,0.6443050564249173,2003-2012
SWE,Sweden,Summer,0.6219007485340423,0.950858211305159,20,3,2003,2012,0.6540415186407383,2003-2012
SYR,Syria,Summer,0.12676056338028174,0.33984375,1,1,2003,2012,0.37299660029140375,2003-2012
TGO,Togo,Summer,0.20238095238095233,0.0968992248062015,1,1,2003,2012,2.088571428571429,2003-2012
THA,Thailand,Summer,0.6116498185902564,0.47223933079674363,18,3,2003,2012,1.2952115139548095,2003-2012
TJK,Tajikistan,Summer,0.28112449799196787,0.09475921103828083,3,2,2003,2012,2.9667247638691205,2003-2012
TTO,Trinidad and Tobago,Summer,0.33007145954710865,0.7425016508410405,7,3,2003,2012,0.44453969788920034,2003-2012
TUN,Tunisia,Summer,0.3120338496844521,0.42946185388045854,4,2,2003,2012,0.7265694190648821,2003-2012
TUR,Turkey,Summer,0.5744433131587382,0.6597825114358545,18,3,2003,2012,0.8706555617980893,2003-2012
UGA,Uganda,Summer,0.22891566265060237,0.07335907335907332,1,1,2003,2012,3.1204819277108444,2003-2012
UKR,Ukraine,Summer,0.8565132427766061,0.39059035416230187,63,3,2003,2012,2.1928683943400697,2003-2012
USA,United States,Summer,1.0,0.9314982029371563,317,3,2003,2012,1.0735393765085612,2003-2012
UZB,Uzbekistan,Summer,0.46757991052068776,0.1872871365967296,12,3,2003,2012,2.4965938345647847,2003-2012
VEN,Venezuela,Summer,0.21888290923587037,0.6466660805323596,4,3,2003,2012,0.33847903241759303,2003-2012
VNM,Vietnam,Summer,0.21564830751577735,0.2262278890185867,2,2,2003,2012,0.9532348485029618,2003-2012
WSM,Samoa,Summer,0.20238095238095233,0.4108527131782945,1,1,2003,2012,0.49258760107816707,2003-2012
ZAF,South Africa,Summer,0.4600730217987981,0.5810253125841789,13,3,2003,2012,0.7918295672052029,2003-2012
ZWE,Zimbabwe,Summer,0.40601945003353457,0.089453125,7,2,2003,2012,4.538907389021173,2003-2012
AFG,Afghanistan,Summer,0.21564830751577735,0.05,2,2,2007,2016,4.312966150315547,2007-2016
ARE,United Arab Emirates,Summer,0.23170731707317072,0.8953488372093024,1,1,2007,2016,0.25878999049730755,2007-2016
ARG,Argentina,Summer,0.5535941676112114,0.6580467510700069,14,3,2007,2016,0.8412687498434542,2007-2016
ARM,Armenia,Summer,0.46949586965749174,0.3742230602695719,11,3,2007,2016,1.2545882910563821,2007-2016
AUS,Australia,Summer,0.9315753140319699,0.9367423902307622,110,3,2007,2016,0.9944839944763049,2007-2016
AUT,Austria,Summer,0.33013937282229966,0.9244186046511628,4,2,2007,2016,0.357131900159972,2007-2016
AZE,Azerbaijan,Summer,0.7277052460713936,0.4863717538136143,33,3,2007,2016,1.4961914222310335,2007-2016
BDI,Burundi,Summer,0.23170731707317072,0.05,1,1,2007,2016,4.634146341463414,2007-2016
BEL,Belgium,Summer,0.43460018937538775,0.8929145091935791,11,3,2007,2016,0.4867209401355676,2007-2016
BGR,Bulgaria,Summer,0.469153034903843,0.5639011104127384,11,3,2007,2016,0.8319774978993284,2007-2016
BHS,Bahamas,Summer,0.30123747020602737,0.8116139395209162,5,3,2007,2016,0.37115857125845253,2007-2016
BLR,Belarus,Summer,0.7182679615092192,0.5070785070785071,33,3,2007,2016,1.4164827565803637,2007-2016
BRA,Brazil,Summer,0.8394880334345513,0.6348009138706813,53,3,2007,2016,1.3224430133784715,2007-2016
BRN,Bahrain,Summer,0.28518953864237434,0.8451632695818743,3,2,2007,2016,0.3374372135025053,2007-2016
BWA,Botswana,Summer,0.22891566265060237,0.5135135135135135,1,1,2007,2016,0.4457831325301204,2007-2016
CAN,Canada,Summer,0.8635867511859284,0.9096405375475142,60,3,2007,2016,0.9493714445865049,2007-2016
CHE,Switzerland,Summer,0.6018907220053268,0.976774116309,18,3,2007,2016,0.6162025712553998,2007-2016
CHL,Chile,Summer,0.20238095238095233,0.6666666666666667,1,1,2007,2016,0.30357142857142844,2007-2016
CHN,China,Summer,0.9879506411243114,0.5006534773976634,262,3,2007,2016,1.9733222392852638,2007-2016
CIV,Cote d'Ivoire,Summer,0.3414634146341463,0.23643410852713176,2,1,2007,2016,1.4442223110755699,2007-2016
CMR,Cameroon,Summer,0.21564830751577735,0.20893567986591238,2,2,2007,2016,1.032127723011086,2007-2016
COL,Colombia,Summer,0.5871709835859117,0.5302794488841001,20,3,2007,2016,1.1072859504955963,2007-2016
CUB,Cuba,Summer,0.8186310864829819,0.5264882823022358,56,3,2007,2016,1.554889470480254,2007-2016
CYP,Cyprus,Summer,0.22891566265060237,0.8185328185328186,1,1,2007,2016,0.27966583314389626,2007-2016
CZE,Czech Republic,Summer,0.7107652444854913,0.7535592070475792,28,3,2007,2016,0.9432108822215135,2007-2016
DEU,Germany,Summer,0.9438660565607377,0.8916275079065777,127,3,2007,2016,1.058587861176254,2007-2016
DNK,Denmark,Summer,0.7312863533110375,0.949672263625752,31,3,2007,2016,0.7700407617666549,2007-2016
DOM,Dominican Republic,Summer,0.3007966826656218,0.5058463779394012,5,3,2007,2016,0.594640380526074,2007-2016
DZA,Algeria,Summer,0.30123747020602737,0.47224965829616994,5,3,2007,2016,0.6378775821519117,2007-2016
ECU,Ecuador,Summer,0.20238095238095233,0.4496124031007752,1,1,2007,2016,0.4501231527093595,2007-2016
EGY,Egypt,Summer,0.42196427988376267,0.3071044466393303,9,3,2007,2016,1.3740090203881876,2007-2016
ESP,Spain,Summer,0.8472764460863198,0.814202907226163,56,3,2007,2016,1.0406207575121933,2007-2016
EST,Estonia,Summer,0.3007966826656218,0.7380653078327497,5,3,2007,2016,0.4075475157461056,2007-2016
ETH,Ethiopia,Summer,0.6663926320846686,0.05000000000000001,23,3,2007,2016,13.327852641693369,2007-2016
FIN,Finland,Summer,0.38049643405212025,0.9135663903105765,8,3,2007,2016,0.4164956571166836,2007-2016
FJI,Fiji,Summer,0.23170731707317072,0.45736434108527135,1,1,2007,2016,0.5066143034311699,2007-2016
FRA,France,Summer,0.9398021820149355,0.8696836371254976,120,3,2007,2016,1.0806253468458895,2007-2016
GAB,Gabon,Summer,0.22891566265060237,0.5868725868725868,1,1,2007,2016,0.3900602409638554,2007-2016
GBR,Great Britain,Summer,0.9719330282803688,0.8864645376273282,183,3,2007,2016,1.0964150138276278,2007-2016
GEO,Georgia,Summer,0.6300031718045235,0.40772998912533803,20,3,2007,2016,1.5451479866761963,2007-2016
GRC,Greece,Summer,0.4382337713222227,0.7767900791156604,11,3,2007,2016,0.5641598458892929,2007-2016
GRD,Grenada,Summer,0.23031148986188654,0.5726257819281075,2,2,2007,2016,0.40220244552453954,2007-2016
GTM,Guatemala,Summer,0.22891566265060237,0.3204633204633205,1,1,2007,2016,0.7143271882711567,2007-2016
HKG,"Hong Kong, China",Summer,0.22891566265060237,0.8416988416988417,1,1,2007,2016,0.271968608378468,2007-2016
HRV,Croatia,Summer,0.6269059979756424,0.6954895094429978,21,3,2007,2016,0.901388143838025,2007-2016
HUN,Hungary,Summer,0.7993203942366446,0.6929254836231581,43,3,2007,2016,1.1535445197615917,2007-2016
IDN,Indonesia,Summer,0.48899430474511285,0.33803238454401247,12,3,2007,2016,1.4465901111952333,2007-2016
IND,India,Summer,0.4614975581769587,0.1845150798639171,11,3,2007,2016,2.501137351577555,2007-2016
IRL,Ireland,Summer,0.4614975581769587,0.945846178404318,11,3,2007,2016,0.4879203074600612,2007-2016
IRN,Iran,Summer,0.5875534658961047,0.5212305328584398,23,3,2007,2016,1.1272429929880516,2007-2016
ISL,Iceland,Summer,0.20238095238095233,0.9496124031007752,1,1,2007,2016,0.21311953352769672,2007-2016
ISR,Israel,Summer,0.2719221835075493,0.8391472868217054,3,2,2007,2016,0.32404583531153686,2007-2016
ITA,Italy,Summer,0.8956208107692092,0.8451757405245778,83,3,2007,2016,1.0596858946913472,2007-2016
JAM,Jamaica,Summer,0.7749324825434142,0.4645575808366506,35,3,2007,2016,1.668108571488146,2007-2016
JOR,Jordan,Summer,0.23170731707317072,0.3875968992248062,1,1,2007,2016,0.5978048780487805,2007-2016
JPN,Japan,Summer,0.9158468951298807,0.8812516835772649,104,3,2007,2016,1.0392569026503116,2007-2016
KAZ,Kazakhstan,Summer,0.7713537075129787,0.6063921063921064,37,3,2007,2016,1.2720378438010282,2007-2016
KEN,Kenya,Summer,0.794967325748989,0.1638781638781639,42,3,2007,2016,4.85096554010705,2007-2016
KGZ,Kyrgyzstan,Summer,0.4285714285714286,0.1472868217054264,3,1,2007,2016,2.909774436090225,2007-2016
KOR,Korea Republic,Summer,0.8994433016619322,0.7922540480680015,84,3,2007,2016,1.1352965678816327,2007-2016
KWT,Kuwait,Summer,0.22891566265060237,0.9343629343629344,1,1,2007,2016,0.24499651498556205,2007-2016
LTU,Lithuania,Summer,0.5417850262839977,0.7045234603374139,14,3,2007,2016,0.7690092052073374,2007-2016
LVA,Latvia,Summer,0.382960413080895,0.7002184909161653,5,2,2007,2016,0.5469155957018929,2007-2016
MAR,Morocco,Summer,0.2646521043523688,0.34326020372532007,4,3,2007,2016,0.770995593081177,2007-2016
MDA,Moldova,Summer,0.20238095238095233,0.3062015503875969,1,1,2007,2016,0.6609403254972874,2007-2016
MEX,Mexico,Summer,0.554313654152032,0.6348458092644139,17,3,2007,2016,0.8731469060090461,2007-2016
MNE,Montenegro,Summer,0.22891566265060237,0.5096525096525096,1,1,2007,2016,0.44916027747353043,2007-2016
MNG,Mongolia,Summer,0.46125850673308805,0.35736234573443876,11,3,2007,2016,1.2907305770705235,2007-2016
MUS,Mauritius,Summer,0.20238095238095233,0.6162790697674418,1,1,2007,2016,0.3283917340521113,2007-2016
MYS,Malaysia,Summer,0.35064182397417776,0.6245148803288338,8,3,2007,2016,0.5614627209355681,2007-2016
NER,Niger,Summer,0.23170731707317072,0.05,1,1,2007,2016,4.634146341463414,2007-2016
NGA,Nigeria,Summer,0.407520325203252,0.28488372093023256,6,2,2007,2016,1.4304795088767213,2007-2016
NLD,Netherlands,Summer,0.8556001007514378,0.9316243153452456,55,3,2007,2016,0.9183960601483073,2007-2016
NOR,Norway,Summer,0.5893084533254971,0.9806401085470853,17,3,2007,2016,0.6009426375580492,2007-2016
NZL,New Zealand,Summer,0.7955480458419042,0.8503087805413387,40,3,2007,2016,0.9355990012656675,2007-2016
PAN,Panama,Summer,0.20238095238095233,0.5852713178294573,1,1,2007,2016,0.34578997161778613,2007-2016
PHL,Philippines,Summer,0.23170731707317072,0.313953488372093,1,1,2007,2016,0.7380307136404697,2007-2016
POL,Poland,Summer,0.7588682255153016,0.6825845779334152,33,3,2007,2016,1.1117570628578246,2007-2016
PRI,Puerto Rico,Summer,0.28452835733176607,0.8046526593038221,3,2,2007,2016,0.35360394828985875,2007-2016
PRT,Portugal,Summer,0.2646521043523688,0.7638851476060778,4,3,2007,2016,0.3464553607067188,2007-2016
QAT,Qatar,Summer,0.28452835733176607,0.97289066475113,3,2,2007,2016,0.29245666305632584,2007-2016
ROU,Romania,Summer,0.621436967381722,0.6194067821974799,20,3,2007,2016,1.003277628276913,2007-2016
RUS,Russian Federation,Summer,0.9678201773411882,0.6683277962347729,180,3,2007,2016,1.4481219886314716,2007-2016
SAU,Saudi Arabia,Summer,0.22891566265060237,0.8146718146718147,1,1,2007,2016,0.2809912636327299,2007-2016
SDN,Sudan,Summer,0.20238095238095233,0.24031007751937983,1,1,2007,2016,0.8421658986175113,2007-2016
SGP,Singapore,Summer,0.25714588901482816,0.9212584677700958,4,3,2007,2016,0.27912458665074663,2007-2016
SRB,Serbia,Summer,0.530946083987518,0.5290822383845639,15,3,2007,2016,1.0035227899705061,2007-2016
SVK,Slovakia,Summer,0.5535941676112114,0.7303233466024164,14,3,2007,2016,0.7580124203705413,2007-2016
SVN,Slovenia,Summer,0.5337528977699415,0.7780770804026619,13,3,2007,2016,0.6859897447354696,2007-2016
SWE,Sweden,Summer,0.6632954582557874,0.9419253140183373,24,3,2007,2016,0.7041911374332959,2007-2016
TGO,Togo,Summer,0.20238095238095233,0.0968992248062015,1,1,2007,2016,2.088571428571429,2007-2016
THA,Thailand,Summer,0.5739193708632438,0.47226961180449556,16,3,2007,2016,1.2152367133476036,2007-2016
TJK,Tajikistan,Summer,0.2646521043523688,0.08901260064050764,4,3,2007,2016,2.9731982039398086,2007-2016
TTO,Trinidad and Tobago,Summer,0.3650537107780716,0.7458022806860015,7,3,2007,2016,0.4894778686413898,2007-2016
TUN,Tunisia,Summer,0.34216890791971605,0.41033891033891035,7,3,2007,2016,0.8338690270369661,2007-2016
TUR,Turkey,Summer,0.5463888072615666,0.659368670996578,16,3,2007,2016,0.8286544861704571,2007-2016
UGA,Uganda,Summer,0.22891566265060237,0.07335907335907332,1,1,2007,2016,3.1204819277108444,2007-2016
UKR,Ukraine,Summer,0.8227905816063323,0.3638522243173406,52,3,2007,2016,2.2613317347449278,2007-2016
USA,United States,Summer,1.0,0.9316193269681642,337,3,2007,2016,1.0733998008117456,2007-2016
UZB,Uzbekistan,Summer,0.5593582226700065,0.24512386140293116,20,3,2007,2016,2.281941135671575,2007-2016
VEN,Venezuela,Summer,0.2779118798072662,0.5689044526253828,5,3,2007,2016,0.48850361167812495,2007-2016
VNM,Vietnam,Summer,0.25758667655523365,0.24642582782117664,4,3,2007,2016,1.045290904905293,2007-2016
WSM,Samoa,Summer,0.20238095238095233,0.4108527131782945,1,1,2007,2016,0.49258760107816707,2007-2016
XKX,Kosovo,Summer,0.23170731707317072,0.3643410852713178,1,1,2007,2016,0.6359626362221069,2007-2016
ZAF,South Africa,Summer,0.4999218709915154,0.5264084682689334,17,3,2007,2016,0.9496843252455308,2007-2016
ZWE,Zimbabwe,Summer,0.48809523809523814,0.05,4,1,2007,2016,9.761904761904763,2007-2016
AFG,Afghanistan,Summer,0.22891566265060237,0.05,1,1,2011,2020,4.578313253012047,2011-2020
ARE,United Arab Emirates,Summer,0.23170731707317072,0.8953488372093024,1,1,2011,2020,0.25878999049730755,2011-2020
ARG,Argentina,Summer,0.4748395888566326,0.6458960155910658,11,3,2011,2020,0.7351641400390158,2011-2020
ARM,Armenia,Summer,0.45453860470022683,0.3631029002036151,10,3,2011,2020,1.2518176099539218,2011-2020
AUS,Australia,Summer,0.9291333115899675,0.9379388631492512,109,3,2011,2020,0.9906118064777506,2011-2020
AUT,Austria,Summer,0.45101849370142055,0.9145627846650378,8,2,2011,2020,0.49315202987032525,2011-2020
AZE,Azerbaijan,Summer,0.7295367479028955,0.4390708559562057,33,3,2011,2020,1.6615467367200107,2011-2020
BDI,Burundi,Summer,0.23170731707317072,0.05,1,1,2011,2020,4.634146341463414,2011-2020
BEL,Belgium,Summer,0.5396062943814927,0.8914968396010837,15,3,2011,2020,0.6052812196428528,2011-2020
BFA,Burkina Faso,Summer,0.20879120879120883,0.05836575875486383,1,1,2011,2020,3.577289377289377,2011-2020
BGR,Bulgaria,Summer,0.4541957699465781,0.5854074597627217,10,3,2011,2020,0.7758626275973208,2011-2020
BHS,Bahamas,Summer,0.3036794726480298,0.8074765562775698,5,3,2011,2020,0.37608456900343756,2011-2020
BLR,Belarus,Summer,0.6758381690794267,0.4935302107956166,26,3,2011,2020,1.3693957417316212,2011-2020
BMU,Bermuda,Summer,0.20879120879120883,0.9883268482490273,1,1,2011,2020,0.2112572466903176,2011-2020
BRA,Brazil,Summer,0.8437615377080555,0.6070809488599734,54,3,2011,2020,1.3898666055861915,2011-2020
BRN,Bahrain,Summer,0.25972342869198584,0.8306276531324038,4,3,2011,2020,0.31268333977629487,2011-2020
BWA,Botswana,Summer,0.2188534357209056,0.5116205699863288,2,2,2011,2020,0.4277651223576755,2011-2020
CAN,Canada,Summer,0.8745757621749394,0.9056187798383074,63,3,2011,2020,0.9657217602434099,2011-2020
CHE,Switzerland,Summer,0.63516300527761,0.9806249493155655,24,3,2011,2020,0.6477124671577312,2011-2020
CHN,China,Summer,0.9882558914295617,0.5738243317195448,249,3,2011,2020,1.722227233669431,2011-2020
CIV,Cote d'Ivoire,Summer,0.3414634146341463,0.23643410852713176,2,1,2011,2020,1.4442223110755699,2011-2020
CIV,Ivory Coast,Summer,0.20879120879120883,0.25680933852140075,1,1,2011,2020,0.8130203130203132,2011-2020
CMR,Cameroon,Summer,0.22891566265060237,0.18918918918918914,1,1,2011,2020,1.2099827882960414,2011-2020
COL,Colombia,Summer,0.6421160385309665,0.5063198273315005,22,3,2011,2020,1.268202436225269,2011-2020
CUB,Cuba,Summer,0.7844430522949478,0.5673392862335039,39,3,2011,2020,1.3826700729695085,2011-2020
CYP,Cyprus,Summer,0.22891566265060237,0.8185328185328186,1,1,2011,2020,0.27966583314389626,2011-2020
CZE,Czech Republic,Summer,0.7367115204317672,0.7532626024165253,32,3,2011,2020,0.9780274741747952,2011-2020
DEU,Germany,Summer,0.9456975583922396,0.8966798410287687,123,3,2011,2020,1.0546657961075967,2011-2020
DNK,Denmark,Summer,0.7572326292573134,0.9457309410707294,35,3,2011,2020,0.800685053615774,2011-2020
DOM,Dominican Republic,Summer,0.38748776935670853,0.5220590887046411,8,3,2011,2020,0.7422297164065516,2011-2020
DZA,Algeria,Summer,0.28518953864237434,0.4525605339558828,3,2,2011,2020,0.6301688221672808,2011-2020
ECU,Ecuador,Summer,0.4065934065934066,0.4630350194552529,3,1,2011,2020,0.8781050881891219,2011-2020
EGY,Egypt,Summer,0.4463843043037871,0.3230356343649258,10,3,2011,2020,1.3818423010246517,2011-2020
ESP,Spain,Summer,0.8402556890655628,0.803615630056676,54,3,2011,2020,1.0455940099202683,2011-2020
EST,Estonia,Summer,0.30323868510762425,0.750693627039659,5,3,2011,2020,0.4039446642213258,2011-2020
ETH,Ethiopia,Summer,0.6117528274448639,0.05408560311284047,20,3,2011,2020,11.310825658512952,2011-2020
FIN,Finland,Summer,0.28739509095077714,0.9070008708502962,5,3,2011,2020,0.3168630815991937,2011-2020
FJI,Fiji,Summer,0.2861833288662557,0.4368533767683166,3,2,2011,2020,0.6551015605815766,2011-2020
FRA,France,Summer,0.9266764188891723,0.8604637575771411,108,3,2011,2020,1.0769499711393657,2011-2020
GAB,Gabon,Summer,0.22891566265060237,0.5868725868725868,1,1,2011,2020,0.3900602409638554,2011-2020
GBR,Great Britain,Summer,0.9765117828591233,0.8785567565316005,194,3,2011,2020,1.1114953878611478,2011-2020
GEO,Georgia,Summer,0.6376344294357812,0.40566381110223304,21,3,2011,2020,1.5718297072229799,2011-2020
GHA,Ghana,Summer,0.20879120879120883,0.2607003891050583,1,1,2011,2020,0.8008856814826967,2011-2020
GRC,Greece,Summer,0.47486380795225935,0.7441434609111743,12,3,2011,2020,0.6381347588149298,2011-2020
GRD,Grenada,Summer,0.2231380628383273,0.5853821684968188,3,3,2011,2020,0.38118356664555614,2011-2020
GTM,Guatemala,Summer,0.22891566265060237,0.3204633204633205,1,1,2011,2020,0.7143271882711567,2011-2020
HKG,Hong Kong,Summer,0.6483516483516483,0.9066147859922179,6,1,2011,2020,0.7151346507569682,2011-2020
HKG,"Hong Kong, China",Summer,0.22891566265060237,0.8416988416988417,1,1,2011,2020,0.271968608378468,2011-2020
HRV,Croatia,Summer,0.6742197952894396,0.6860484332206349,24,3,2011,2020,0.9827583048682641,2011-2020
HUN,Hungary,Summer,0.8310664259826764,0.692558498232193,52,3,2011,2020,1.1999945536789098,2011-2020
IDN,Indonesia,Summer,0.47251078826159637,0.35659279637200186,11,3,2011,2020,1.3250710420091254,2011-2020
IND,India,Summer,0.5347576314370319,0.20157235974809043,14,3,2011,2020,2.6529313448794802,2011-2020
IRL,Ireland,Summer,0.45417155085095134,0.9548699972643507,11,3,2011,2020,0.47563705232348646,2011-2020
IRN,Iran,Summer,0.6925595709022098,0.45186023957175886,27,3,2011,2020,1.532685353237914,2011-2020
ISR,Israel,Summer,0.3410613776467435,0.8796413597562815,4,2,2011,2020,0.3877277641210958,2011-2020
ITA,Italy,Summer,0.909357074505473,0.8294456406844426,93,3,2011,2020,1.0963431838102,2011-2020
JAM,Jamaica,Summer,0.7621119697229012,0.44576089074324526,33,3,2011,2020,1.7096878293925333,2011-2020
JOR,Jordan,Summer,0.22024926293218977,0.3844599282116249,2,2,2011,2020,0.5728796339236535,2011-2020
JPN,Japan,Summer,0.9408774201604059,0.8836697653999255,135,3,2011,2020,1.064738725936368,2011-2020
KAZ,Kazakhstan,Summer,0.7191559053151765,0.6019983360947979,33,3,2011,2020,1.1946144402663756,2011-2020
KEN,Kenya,Summer,0.7739050546867179,0.18740041927988724,36,3,2011,2020,4.12968689003236,2011-2020
KGZ,Kyrgyzstan,Summer,0.34065934065934067,0.12840466926070038,2,1,2011,2020,2.6530136530136534,2011-2020
KOR,Korea Republic,Summer,0.8908316191595651,0.8085361108616922,52,2,2011,2020,1.1017833429977135,2011-2020
KOR,South Korea,Summer,0.8791208791208791,0.8326848249027238,20,1,2011,2020,1.0557666632432987,2011-2020
KWT,Kuwait,Summer,0.2188534357209056,0.8621231014227123,2,2,2011,2020,0.2538540439987565,2011-2020
LTU,Lithuania,Summer,0.4169376514366229,0.7197106228868059,10,3,2011,2020,0.5793129046286117,2011-2020
LVA,Latvia,Summer,0.33900436912485105,0.7074425732013281,4,2,2011,2020,0.4791970146647864,2011-2020
MAR,Morocco,Summer,0.2231380628383273,0.31912463027294263,3,3,2011,2020,0.6992191816955042,2011-2020
MDA,Moldova,Summer,0.20879120879120883,0.4085603112840467,1,1,2011,2020,0.5110413396127683,2011-2020
MEX,Mexico,Summer,0.5711024209407989,0.6175421967205517,17,3,2011,2020,0.9247990242183117,2011-2020
MKD,North Macedonia,Summer,0.20879120879120883,0.5252918287937743,1,1,2011,2020,0.3974765974765975,2011-2020
MNE,Montenegro,Summer,0.22891566265060237,0.5096525096525096,1,1,2011,2020,0.44916027747353043,2011-2020
MNG,Mongolia,Summer,0.3681571636317449,0.378521818482003,8,3,2011,2020,0.9726180781551146,2011-2020
MYS,Malaysia,Summer,0.39673462006697385,0.6266162487318944,9,3,2011,2020,0.6331380982696504,2011-2020
NAM,Namibia,Summer,0.20879120879120883,0.36964980544747084,1,1,2011,2020,0.5648351648351649,2011-2020
NER,Niger,Summer,0.23170731707317072,0.05,1,1,2011,2020,4.634146341463414,2011-2020
NGA,Nigeria,Summer,0.2861833288662557,0.26993786384339274,3,2,2011,2020,1.0601822389477302,2011-2020
NLD,Netherlands,Summer,0.885819880971218,0.9250789046735114,74,3,2011,2020,0.9575614323232794,2011-2020
NOR,Norway,Summer,0.5810666950837389,0.9754319323136625,16,3,2011,2020,0.5957019406833295,2011-2020
NZL,New Zealand,Summer,0.8385883388821972,0.8721217889166492,51,3,2011,2020,0.9615495788998607,2011-2020
PHL,Philippines,Summer,0.3850844277673546,0.31261876753235,5,2,2011,2020,1.2318020149814126,2011-2020
POL,Poland,Summer,0.7680257346728108,0.6847915174763424,36,3,2011,2020,1.121546799386784,2011-2020
PRI,Puerto Rico,Summer,0.25928264115158034,0.8088086470585791,4,3,2011,2020,0.3205735276131406,2011-2020
PRT,Portugal,Summer,0.33302817272843716,0.7571185402603374,6,3,2011,2020,0.43986265692810067,2011-2020
QAT,Qatar,Summer,0.32521670708564626,0.9559867726097027,6,3,2011,2020,0.3401895469723422,2011-2020
ROU,Romania,Summer,0.5509241468689016,0.6241474290972074,15,3,2011,2020,0.8826827143480843,2011-2020
RUS,ROC,Summer,0.978021978021978,0.6303501945525292,62,1,2011,2020,1.5515533848867182,2011-2020
RUS,Russian Federation,Summer,0.9636350279165442,0.6575304540420819,120,2,2011,2020,1.465536724561919,2011-2020
SAU,Saudi Arabia,Summer,0.2188534357209056,0.7983864909934949,2,2,2011,2020,0.2741196628321818,2011-2020
SGP,Singapore,Summer,0.28452835733176607,0.9477791745233606,3,2,2011,2020,0.30020532733783245,2011-2020
SMR,San Marino,Summer,0.34065934065934067,0.8910505836575875,2,1,2011,2020,0.38231201113297186,2011-2020
SRB,Serbia,Summer,0.6298471828886169,0.5207722815179153,20,3,2011,2020,1.209448362061008,2011-2020
SVK,Slovakia,Summer,0.5187956328126765,0.731288568452626,12,3,2011,2020,0.709426695826006,2011-2020
SVN,Slovenia,Summer,0.537110651127695,0.7765186492903441,13,3,2011,2020,0.6916906008871226,2011-2020
SWE,Sweden,Summer,0.7179352628955921,0.9366668658135494,28,3,2011,2020,0.7664787653954469,2011-2020
SYR,Syria,Summer,0.20879120879120883,0.05,1,1,2011,2020,4.175824175824176,2011-2020
THA,Thailand,Summer,0.4731867701306432,0.4975161958240413,12,3,2011,2020,0.9510982237410363,2011-2020
TJK,Tajikistan,Summer,0.23031148986188654,0.09088324204603276,2,2,2011,2020,2.5341469414706044,2011-2020
TKM,Turkmenistan,Summer,0.20879120879120883,0.49027237354085607,1,1,2011,2020,0.4258677830106402,2011-2020
TTO,Trinidad and Tobago,Summer,0.38091389950044074,0.7407964442848164,5,2,2011,2020,0.5141950969651112,2011-2020
TUN,Tunisia,Summer,0.3882617040125121,0.37072962410035976,8,3,2011,2020,1.0472907444467028,2011-2020
TUR,Turkey,Summer,0.593702604575364,0.6368920725992485,19,3,2011,2020,0.93218714774134,2011-2020
UGA,Uganda,Summer,0.3836886005560704,0.07364451722428372,5,2,2011,2020,5.210009040965673,2011-2020
UKR,Ukraine,Summer,0.8151593239750747,0.3333019473187784,48,3,2011,2020,2.445708255029893,2011-2020
USA,United States,Summer,1.0,0.9483699478270106,335,3,2011,2020,1.05444083534204,2011-2020
UZB,Uzbekistan,Summer,0.5761469894587732,0.26220627727278706,20,3,2011,2020,2.197304334020108,2011-2020
VEN,Venezuela,Summer,0.38993874183412824,0.39598395272089953,8,3,2011,2020,0.9847336972995163,2011-2020
VNM,Vietnam,Summer,0.28518953864237434,0.2766154859178115,3,2,2011,2020,1.0309962860398583,2011-2020
XKX,Kosovo,Summer,0.2861833288662557,0.38450517298585346,3,2,2011,2020,0.7442899315083722,2011-2020
ZAF,South Africa,Summer,0.5679926890623335,0.5011769658407971,19,3,2011,2020,1.1333176258598463,2011-2020
ALB,Albania,Summer,0.2790697674418605,0.5815899581589958,2,1,2015,2024,0.47983938430650835,2015-2024
ARE,United Arab Emirates,Summer,0.23170731707317072,0.8953488372093024,1,1,2015,2024,0.25878999049730755,2015-2024
ARG,Argentina,Summer,0.4221637692993337,0.635346912991754,10,3,2015,2024,0.6644618249759447,2015-2024
ARM,Armenia,Summer,0.5010035341856102,0.42032330052024963,12,3,2015,2024,1.1919480399147504,2015-2024
AUS,Australia,Summer,0.937725821163144,0.929888373927214,127,3,2015,2024,1.0084283742604823,2015-2024
AUT,Austria,Summer,0.4789735694443579,0.9207266542118383,13,3,2015,2024,0.5202125595618491,2015-2024
AZE,Azerbaijan,Summer,0.7214112225456525,0.41252308882266453,31,3,2015,2024,1.7487778068484618,2015-2024
BDI,Burundi,Summer,0.23170731707317072,0.05,1,1,2015,2024,4.634146341463414,2015-2024
BEL,Belgium,Summer,0.6548579988738809,0.9050022757006619,22,3,2015,2024,0.723598179205553,2015-2024
BFA,Burkina Faso,Summer,0.20879120879120883,0.05836575875486383,1,1,2015,2024,3.577289377289377,2015-2024
BGR,Bulgaria,Summer,0.5384397225009817,0.6311687021766837,14,3,2015,2024,0.8530836853032926,2015-2024
BHS,Bahamas,Summer,0.3410613776467435,0.8058094290109492,4,2,2015,2024,0.42325314816105136,2015-2024
BLR,Belarus,Summer,0.6583355668721522,0.4796775555756643,16,2,2015,2024,1.3724543898704604,2015-2024
BMU,Bermuda,Summer,0.20879120879120883,0.9883268482490273,1,1,2015,2024,0.2112572466903176,2015-2024
BRA,Brazil,Summer,0.8613668426487484,0.5670277456268539,57,3,2015,2024,1.519091171978719,2015-2024
BRN,Bahrain,Summer,0.34233293649062224,0.801220481465818,7,3,2015,2024,0.42726433536038727,2015-2024
BWA,Botswana,Summer,0.24393048811653467,0.4996336877065594,3,2,2015,2024,0.4882186572251266,2015-2024
CAN,Canada,Summer,0.8880249075938242,0.8969220975014577,72,3,2015,2024,0.9900803091679665,2015-2024
CHE,Switzerland,Summer,0.6987662554877531,0.9827681564796932,28,3,2015,2024,0.7110184135297546,2015-2024
CHL,Chile,Summer,0.2790697674418605,0.6736401673640167,2,1,2015,2024,0.4142712696807744,2015-2024
CHN,China,Summer,0.9883959866943418,0.612714387346002,248,3,2015,2024,1.6131431007775423,2015-2024
CIV,Cote d'Ivoire,Summer,0.2463131026659104,0.25420031786189223,3,2,2015,2024,0.9689724416463279,2015-2024
CIV,Ivory Coast,Summer,0.20879120879120883,0.25680933852140075,1,1,2015,2024,0.8130203130203132,2015-2024
COL,Colombia,Summer,0.5680990403055065,0.4857816561657143,17,3,2015,2024,1.1694534634953597,2015-2024
CPV,Cape Verde,Summer,0.15116279069767447,0.38075313807531386,1,1,2015,2024,0.3970099667774087,2015-2024
CUB,Cuba,Summer,0.7730501206110962,0.6019741803155069,24,2,2015,2024,1.2841914917445878,2015-2024
CYP,Cyprus,Summer,0.15116279069767447,0.8326359832635983,1,1,2015,2024,0.1815472712399206,2015-2024
CZE,Czech Republic,Summer,0.6660101101394352,0.7698643805245794,26,3,2015,2024,0.8651005644469761,2015-2024
DEU,Germany,Summer,0.9307540634823676,0.9100775782758784,112,3,2015,2024,1.0227194754601694,2015-2024
DMA,Dominica,Summer,0.15116279069767447,0.5564853556485356,1,1,2015,2024,0.2716383983213849,2015-2024
DNK,Denmark,Summer,0.7723629178535588,0.9430438547016347,35,3,2015,2024,0.819010604865161,2015-2024
DOM,Dominican Republic,Summer,0.3990689779118594,0.5548318495108747,9,3,2015,2024,0.7192611207587816,2015-2024
DZA,Algeria,Summer,0.35677821894498013,0.4119230644481204,5,2,2015,2024,0.8661282888419435,2015-2024
ECU,Ecuador,Summer,0.4707385637618196,0.4595509825309737,8,2,2015,2024,1.0243445921260583,2015-2024
EGY,Egypt,Summer,0.3937084847464882,0.32167324388119645,9,3,2015,2024,1.2239391750340805,2015-2024
ESP,Spain,Summer,0.8261527657443709,0.8079935884095298,52,3,2015,2024,1.0224744077123011,2015-2024
EST,Estonia,Summer,0.2861833288662557,0.7573145718336198,3,2,2015,2024,0.3778922782026297,2015-2024
ETH,Ethiopia,Summer,0.5497840219904883,0.06810233951451411,16,3,2015,2024,8.072909475794399,2015-2024
FIN,Finland,Summer,0.22024926293218977,0.9106943564684946,2,2,2015,2024,0.24184762029960957,2015-2024
FJI,Fiji,Summer,0.24117648281006196,0.4348896988776225,4,3,2015,2024,0.5545693159265397,2015-2024
FRA,France,Summer,0.939144897454597,0.8608783981591456,137,3,2015,2024,1.0909146976655613,2015-2024
GBR,Great Britain,Summer,0.9767919733886835,0.8862679943683612,194,3,2015,2024,1.1021406387182449,2015-2024
GEO,Georgia,Summer,0.657621353877735,0.44239988967931576,22,3,2015,2024,1.4864862519618343,2015-2024
GHA,Ghana,Summer,0.20879120879120883,0.2607003891050583,1,1,2015,2024,0.8008856814826967,2015-2024
GRC,Greece,Summer,0.602724086274852,0.7389685310500519,18,3,2015,2024,0.8156288948034084,2015-2024
GRD,Grenada,Summer,0.2398560977687467,0.6070027131299157,4,3,2015,2024,0.3951483124877083,2015-2024
GTM,Guatemala,Summer,0.2790697674418605,0.41004184100418406,2,1,2015,2024,0.6805885144755579,2015-2024
HKG,Hong Kong,Summer,0.6483516483516483,0.9066147859922179,6,1,2015,2024,0.7151346507569682,2015-2024
HKG,"Hong Kong, China",Summer,0.4767441860465116,0.9037656903765691,4,1,2015,2024,0.5275086132644271,2015-2024
HRV,Croatia,Summer,0.6942067197313936,0.7025371275335969,25,3,2015,2024,0.9881423949344159,2015-2024
HUN,Hungary,Summer,0.832887664424817,0.7072216969958101,53,3,2015,2024,1.1776896381471613,2015-2024
IDN,Indonesia,Summer,0.45597954701755045,0.35974298780671216,11,3,2015,2024,1.2675147604615593,2015-2024
IND,India,Summer,0.5276127729332494,0.22905710689810957,14,3,2015,2024,2.303411494531558,2015-2024
IRL,Ireland,Summer,0.4741584752929053,0.978999925159969,12,3,2015,2024,0.48432942956091396,2015-2024
IRN,Iran,Summer,0.6988171593957185,0.38819406293487096,26,3,2015,2024,1.8001747737006535,2015-2024
ISR,Israel,Summer,0.4521804533148832,0.8890775034358475,11,3,2015,2024,0.5085950904925927,2015-2024
ITA,Italy,Summer,0.9222458388652376,0.8345774910045775,105,3,2015,2024,1.1050451861038502,2015-2024
JAM,Jamaica,Summer,0.694726147363697,0.46758606319603274,26,3,2015,2024,1.4857717157246346,2015-2024
JOR,Jordan,Summer,0.197220438854018,0.3776455309416411,3,3,2015,2024,0.5222369197968747,2015-2024
JPN,Japan,Summer,0.941577896484306,0.8463251883063946,142,3,2015,2024,1.112548591834451,2015-2024
KAZ,Kazakhstan,Summer,0.6949661229298213,0.5992789400699626,29,3,2015,2024,1.1596705247954946,2015-2024
KEN,Kenya,Summer,0.7724107051957306,0.20436837348633516,34,3,2015,2024,3.7795021412516987,2015-2024
KGZ,Kyrgyzstan,Summer,0.46684129823664705,0.17717304592742134,8,2,2015,2024,2.6349453766680053,2015-2024
KOR,Korea Republic,Summer,0.8866988088485537,0.8229866043916836,53,2,2015,2024,1.077415846280953,2015-2024
KOR,South Korea,Summer,0.8791208791208791,0.8326848249027238,20,1,2015,2024,1.0557666632432987,2015-2024
KWT,Kuwait,Summer,0.20879120879120883,0.7898832684824902,1,1,2015,2024,0.26433172738591465,2015-2024
LCA,Saint Lucia,Summer,0.2790697674418605,0.6485355648535565,2,1,2015,2024,0.43030757689422366,2015-2024
LTU,Lithuania,Summer,0.39111342429550033,0.7447829157415257,9,3,2015,2024,0.5251374810418381,2015-2024
LVA,Latvia,Summer,0.34065934065934067,0.727626459143969,2,1,2015,2024,0.4681788799435858,2015-2024
MAR,Morocco,Summer,0.2398560977687467,0.3223771356174982,4,3,2015,2024,0.7440232921894837,2015-2024
MDA,Moldova,Summer,0.3427676974188602,0.44277387949139574,5,2,2015,2024,0.7741371234739268,2015-2024
MEX,Mexico,Summer,0.5285134604476635,0.625334208696664,14,3,2015,2024,0.8451695958697084,2015-2024
MKD,North Macedonia,Summer,0.20879120879120883,0.5252918287937743,1,1,2015,2024,0.3974765974765975,2015-2024
MNG,Mongolia,Summer,0.23380580470767653,0.3939065995571607,4,3,2015,2024,0.5935564546786641,2015-2024
MYS,Malaysia,Summer,0.3773080766841403,0.6161694600424279,9,3,2015,2024,0.6123446570334073,2015-2024
NAM,Namibia,Summer,0.20879120879120883,0.36964980544747084,1,1,2015,2024,0.5648351648351649,2015-2024
NER,Niger,Summer,0.23170731707317072,0.05,1,1,2015,2024,4.634146341463414,2015-2024
NGA,Nigeria,Summer,0.2861833288662557,0.26993786384339274,3,2,2015,2024,1.0601822389477302,2015-2024
NLD,Netherlands,Summer,0.8988487405957627,0.931293128460957,88,3,2015,2024,0.9651620023023132,2015-2024
NOR,Norway,Summer,0.6446699452938818,0.9722117366248475,20,3,2015,2024,0.6630962382041722,2015-2024
NZL,New Zealand,Summer,0.8642257723369465,0.8780075312040649,58,3,2015,2024,0.9843033705551265,2015-2024
PAK,Pakistan,Summer,0.15116279069767447,0.14225941422594146,1,1,2015,2024,1.0625854993160055,2015-2024
PAN,Panama,Summer,0.15116279069767447,0.6945606694560669,1,1,2015,2024,0.21763799383580845,2015-2024
PER,Peru,Summer,0.15116279069767447,0.5188284518828452,1,1,2015,2024,0.2913540885221306,2015-2024
PHL,Philippines,Summer,0.4156376805270736,0.3158044224274244,9,3,2015,2024,1.3161236860848333,2015-2024
POL,Poland,Summer,0.7748437042254399,0.7093253160687184,35,3,2015,2024,1.0923671927005834,2015-2024
PRI,Puerto Rico,Summer,0.2398560977687467,0.8213394085433156,4,3,2015,2024,0.29203042648853644,2015-2024
PRT,Portugal,Summer,0.4156376805270736,0.7627781149575691,9,3,2015,2024,0.5448998501355722,2015-2024
QAT,Qatar,Summer,0.26315450478808394,0.9459007750760063,5,3,2015,2024,0.2782051899333084,2015-2024
ROU,Romania,Summer,0.5901508210073155,0.6654068594779767,17,3,2015,2024,0.8869022201999828,2015-2024
RUS,ROC,Summer,0.978021978021978,0.6303501945525292,62,1,2015,2024,1.5515533848867182,2015-2024
RUS,Russian Federation,Summer,0.9634146341463414,0.6007751937984496,56,1,2015,2024,1.6036191974822975,2015-2024
SAU,Saudi Arabia,Summer,0.20879120879120883,0.7821011673151751,1,1,2015,2024,0.2669618938275655,2015-2024
SGP,Singapore,Summer,0.1914350538854226,0.9643459505043626,2,2,2015,2024,0.19851284052709522,2015-2024
SMR,San Marino,Summer,0.34065934065934067,0.8910505836575875,2,1,2015,2024,0.38231201113297186,2015-2024
SRB,Serbia,Summer,0.6314349292227909,0.5693175392681941,21,3,2015,2024,1.1091085126842273,2015-2024
SVK,Slovakia,Summer,0.3924764024026645,0.7404860504534553,9,3,2015,2024,0.5300253828715905,2015-2024
SVN,Slovenia,Summer,0.4844348315703959,0.7909772202342708,12,3,2015,2024,0.6124510531756104,2015-2024
SWE,Sweden,Summer,0.760617620231914,0.9296879801735759,31,3,2015,2024,0.8181429000404029,2015-2024
SYR,Syria,Summer,0.20879120879120883,0.05,1,1,2015,2024,4.175824175824176,2015-2024
THA,Thailand,Summer,0.49415436142605734,0.5006771571439984,14,3,2015,2024,0.986972052499561,2015-2024
TJK,Tajikistan,Summer,0.30190017016449233,0.0973370957802212,4,2,2015,2024,3.10159418405247,2015-2024
TKM,Turkmenistan,Summer,0.20879120879120883,0.49027237354085607,1,1,2015,2024,0.4258677830106402,2015-2024
TTO,Trinidad and Tobago,Summer,0.23170731707317072,0.7325581395348837,1,1,2015,2024,0.316298877274487,2015-2024
TUN,Tunisia,Summer,0.37173046276846616,0.3497445026968283,8,3,2015,2024,1.0628629182220375,2015-2024
TUR,Turkey,Summer,0.6934504330987599,0.6424331785587645,24,3,2015,2024,1.0794125463047342,2015-2024
UGA,Uganda,Summer,0.4087656529516995,0.07462188431043743,6,2,2015,2024,5.477825395713373,2015-2024
UKR,Ukraine,Summer,0.8013365911834431,0.33548823402389355,41,3,2015,2024,2.388568390527734,2015-2024
USA,United States,Summer,1.0,0.9616653711642749,357,3,2015,2024,1.0398627526634487,2015-2024
UZB,Uzbekistan,Summer,0.7107785389124016,0.2684581956585967,30,3,2015,2024,2.6476321096052957,2015-2024
VEN,Venezuela,Summer,0.4704502814258912,0.2599990951045154,7,2,2015,2024,1.809430456812851,2015-2024
VNM,Vietnam,Summer,0.3414634146341463,0.28682170542635654,2,1,2015,2024,1.1905075807514833,2015-2024
XKX,Kosovo,Summer,0.28381214172479063,0.41114849747174054,5,3,2015,2024,0.6902910833191064,2015-2024
ZAF,South Africa,Summer,0.5608478305585508,0.4540317931726119,19,3,2015,2024,1.2352611402817115,2015-2024
ZMB,Zambia,Summer,0.15116279069767447,0.10041841004184104,1,1,2015,2024,1.505329457364341,2015-2024
